"STE_CODE16","age_group","sex","year_range","usual_consumption_selected_sugar_sweetened_diet_drinks","n","p"
1,"2-3","male","2017-2018","did_not_consume",61900,63.9
1,"2-3","male","2017-2018","1_metric_cup_or_less",9999999,9999999
1,"2-3","male","2017-2018","more_than_1_to_less_than_2_cups",9999999,9999999
1,"2-3","male","2017-2018","2_metric_cups_or_more",9999999,9999999
1,"4-8","male","2017-2018","did_not_consume",166200,65.7
1,"4-8","male","2017-2018","1_metric_cup_or_less",64900,25.6
1,"4-8","male","2017-2018","more_than_1_to_less_than_2_cups",9999999,9999999
1,"4-8","male","2017-2018","2_metric_cups_or_more",14800,5.8
1,"9-11","male","2017-2018","did_not_consume",89400,53
1,"9-11","male","2017-2018","1_metric_cup_or_less",60600,35.9
1,"9-11","male","2017-2018","more_than_1_to_less_than_2_cups",9999999,9999999
1,"9-11","male","2017-2018","2_metric_cups_or_more",9999999,9999999
1,"12-13","male","2017-2018","did_not_consume",24400,23.9
1,"12-13","male","2017-2018","1_metric_cup_or_less",60200,58.8
1,"12-13","male","2017-2018","more_than_1_to_less_than_2_cups",9999999,9999999
1,"12-13","male","2017-2018","2_metric_cups_or_more",9999999,9999999
1,"14-17","male","2017-2018","did_not_consume",48500,26.6
1,"14-17","male","2017-2018","1_metric_cup_or_less",95500,52.3
1,"14-17","male","2017-2018","more_than_1_to_less_than_2_cups",19200,10.5
1,"14-17","male","2017-2018","2_metric_cups_or_more",14600,8
2,"2-3","male","2017-2018","did_not_consume",72500,88.1
2,"2-3","male","2017-2018","1_metric_cup_or_less",9999999,9999999
2,"2-3","male","2017-2018","more_than_1_to_less_than_2_cups",9999999,9999999
2,"2-3","male","2017-2018","2_metric_cups_or_more",9999999,9999999
2,"4-8","male","2017-2018","did_not_consume",132700,64.6
2,"4-8","male","2017-2018","1_metric_cup_or_less",63700,31
2,"4-8","male","2017-2018","more_than_1_to_less_than_2_cups",9999999,9999999
2,"4-8","male","2017-2018","2_metric_cups_or_more",9999999,9999999
2,"9-11","male","2017-2018","did_not_consume",68400,56.5
2,"9-11","male","2017-2018","1_metric_cup_or_less",59300,49
2,"9-11","male","2017-2018","more_than_1_to_less_than_2_cups",9999999,9999999
2,"9-11","male","2017-2018","2_metric_cups_or_more",8200,6.8
2,"12-13","male","2017-2018","did_not_consume",32000,45.7
2,"12-13","male","2017-2018","1_metric_cup_or_less",32100,45.9
2,"12-13","male","2017-2018","more_than_1_to_less_than_2_cups",9999999,9999999
2,"12-13","male","2017-2018","2_metric_cups_or_more",9999999,9999999
2,"14-17","male","2017-2018","did_not_consume",52200,35.3
2,"14-17","male","2017-2018","1_metric_cup_or_less",72600,49.1
2,"14-17","male","2017-2018","more_than_1_to_less_than_2_cups",18900,12.8
2,"14-17","male","2017-2018","2_metric_cups_or_more",12400,8.4
3,"2-3","male","2017-2018","did_not_consume",44700,85.6
3,"2-3","male","2017-2018","1_metric_cup_or_less",9999999,9999999
3,"2-3","male","2017-2018","more_than_1_to_less_than_2_cups",9999999,9999999
3,"2-3","male","2017-2018","2_metric_cups_or_more",9999999,9999999
3,"4-8","male","2017-2018","did_not_consume",113300,60.1
3,"4-8","male","2017-2018","1_metric_cup_or_less",66000,35
3,"4-8","male","2017-2018","more_than_1_to_less_than_2_cups",9999999,9999999
3,"4-8","male","2017-2018","2_metric_cups_or_more",9999999,9999999
3,"9-11","male","2017-2018","did_not_consume",41200,42.9
3,"9-11","male","2017-2018","1_metric_cup_or_less",50600,52.7
3,"9-11","male","2017-2018","more_than_1_to_less_than_2_cups",9999999,9999999
3,"9-11","male","2017-2018","2_metric_cups_or_more",9999999,9999999
3,"12-13","male","2017-2018","did_not_consume",26700,37.3
3,"12-13","male","2017-2018","1_metric_cup_or_less",32700,45.7
3,"12-13","male","2017-2018","more_than_1_to_less_than_2_cups",9999999,9999999
3,"12-13","male","2017-2018","2_metric_cups_or_more",9999999,9999999
3,"14-17","male","2017-2018","did_not_consume",32000,27.7
3,"14-17","male","2017-2018","1_metric_cup_or_less",60000,52
3,"14-17","male","2017-2018","more_than_1_to_less_than_2_cups",12100,10.5
3,"14-17","male","2017-2018","2_metric_cups_or_more",19100,16.6
4,"2-3","male","2017-2018","1_metric_cup_or_less",10700,21
4,"2-3","male","2017-2018","more_than_1_to_less_than_2_cups",9999999,9999999
4,"2-3","male","2017-2018","2_metric_cups_or_more",9999999,9999999
4,"4-8","male","2017-2018","1_metric_cup_or_less",43900,21.5
4,"4-8","male","2017-2018","more_than_1_to_less_than_2_cups",12400,0
4,"4-8","male","2017-2018","2_metric_cups_or_more",9999999,9999999
4,"9-11","male","2017-2018","1_metric_cup_or_less",18500,34.5
4,"9-11","male","2017-2018","more_than_1_to_less_than_2_cups",9600,0
4,"9-11","male","2017-2018","2_metric_cups_or_more",9999999,9999999
4,"12-13","male","2017-2018","1_metric_cup_or_less",9999999,9999999
4,"12-13","male","2017-2018","more_than_1_to_less_than_2_cups",10400,0
4,"12-13","male","2017-2018","2_metric_cups_or_more",9999999,9999999
4,"14-17","male","2017-2018","1_metric_cup_or_less",12700,42.9
4,"14-17","male","2017-2018","more_than_1_to_less_than_2_cups",17900,15.1
4,"14-17","male","2017-2018","2_metric_cups_or_more",6300,11.3
5,"2-3","male","2017-2018","did_not_consume",23800,84.7
5,"2-3","male","2017-2018","1_metric_cup_or_less",10800,38.4
5,"2-3","male","2017-2018","more_than_1_to_less_than_2_cups",9999999,9999999
5,"2-3","male","2017-2018","2_metric_cups_or_more",9999999,9999999
5,"4-8","male","2017-2018","did_not_consume",57300,69.6
5,"4-8","male","2017-2018","1_metric_cup_or_less",27000,32.8
5,"4-8","male","2017-2018","more_than_1_to_less_than_2_cups",9999999,9999999
5,"4-8","male","2017-2018","2_metric_cups_or_more",9999999,9999999
5,"9-11","male","2017-2018","did_not_consume",37000,62.6
5,"9-11","male","2017-2018","1_metric_cup_or_less",21700,36.7
5,"9-11","male","2017-2018","more_than_1_to_less_than_2_cups",9999999,9999999
5,"9-11","male","2017-2018","2_metric_cups_or_more",9999999,9999999
5,"12-13","male","2017-2018","did_not_consume",11000,41
5,"12-13","male","2017-2018","1_metric_cup_or_less",18300,68.3
5,"12-13","male","2017-2018","more_than_1_to_less_than_2_cups",9999999,9999999
5,"12-13","male","2017-2018","2_metric_cups_or_more",9999999,9999999
5,"14-17","male","2017-2018","did_not_consume",28400,44.4
5,"14-17","male","2017-2018","1_metric_cup_or_less",26900,42.1
5,"14-17","male","2017-2018","more_than_1_to_less_than_2_cups",9999999,9999999
5,"14-17","male","2017-2018","2_metric_cups_or_more",6300,9.9
6,"2-3","male","2017-2018","did_not_consume",4100,63.1
6,"2-3","male","2017-2018","1_metric_cup_or_less",9999999,9999999
6,"2-3","male","2017-2018","more_than_1_to_less_than_2_cups",9999999,9999999
6,"2-3","male","2017-2018","2_metric_cups_or_more",9999999,9999999
6,"4-8","male","2017-2018","did_not_consume",9400,54.3
6,"4-8","male","2017-2018","1_metric_cup_or_less",5000,28.9
6,"4-8","male","2017-2018","more_than_1_to_less_than_2_cups",9999999,9999999
6,"4-8","male","2017-2018","2_metric_cups_or_more",9999999,9999999
6,"9-11","male","2017-2018","did_not_consume",3100,34.1
6,"9-11","male","2017-2018","1_metric_cup_or_less",4700,51.6
6,"9-11","male","2017-2018","more_than_1_to_less_than_2_cups",9999999,9999999
6,"9-11","male","2017-2018","2_metric_cups_or_more",9999999,9999999
6,"12-13","male","2017-2018","did_not_consume",3300,48.5
6,"12-13","male","2017-2018","1_metric_cup_or_less",2400,35.3
6,"12-13","male","2017-2018","more_than_1_to_less_than_2_cups",9999999,9999999
6,"12-13","male","2017-2018","2_metric_cups_or_more",9999999,9999999
6,"14-17","male","2017-2018","did_not_consume",3600,28.6
6,"14-17","male","2017-2018","1_metric_cup_or_less",5300,42.1
6,"14-17","male","2017-2018","more_than_1_to_less_than_2_cups",9999999,9999999
6,"14-17","male","2017-2018","2_metric_cups_or_more",3200,25.4
7,"2-3","male","2017-2018","did_not_consume",2800,103.7
7,"2-3","male","2017-2018","1_metric_cup_or_less",9999999,9999999
7,"2-3","male","2017-2018","more_than_1_to_less_than_2_cups",9999999,9999999
7,"2-3","male","2017-2018","2_metric_cups_or_more",9999999,9999999
7,"4-8","male","2017-2018","did_not_consume",5400,88.5
7,"4-8","male","2017-2018","1_metric_cup_or_less",1100,18
7,"4-8","male","2017-2018","more_than_1_to_less_than_2_cups",9999999,9999999
7,"4-8","male","2017-2018","2_metric_cups_or_more",9999999,9999999
7,"9-11","male","2017-2018","did_not_consume",2100,61.8
7,"9-11","male","2017-2018","1_metric_cup_or_less",1500,44.1
7,"9-11","male","2017-2018","more_than_1_to_less_than_2_cups",9999999,9999999
7,"9-11","male","2017-2018","2_metric_cups_or_more",1000,29.4
7,"12-13","male","2017-2018","did_not_consume",9999999,9999999
7,"12-13","male","2017-2018","1_metric_cup_or_less",9999999,9999999
7,"12-13","male","2017-2018","more_than_1_to_less_than_2_cups",9999999,9999999
7,"12-13","male","2017-2018","2_metric_cups_or_more",9999999,9999999
7,"14-17","male","2017-2018","did_not_consume",1400,34.1
7,"14-17","male","2017-2018","1_metric_cup_or_less",1100,26.8
7,"14-17","male","2017-2018","more_than_1_to_less_than_2_cups",9999999,9999999
7,"14-17","male","2017-2018","2_metric_cups_or_more",1000,24.4
8,"2-3","male","2017-2018","did_not_consume",5400,81.8
8,"2-3","male","2017-2018","1_metric_cup_or_less",900,13.6
8,"2-3","male","2017-2018","more_than_1_to_less_than_2_cups",9999999,9999999
8,"2-3","male","2017-2018","2_metric_cups_or_more",9999999,9999999
8,"4-8","male","2017-2018","did_not_consume",10200,82.9
8,"4-8","male","2017-2018","1_metric_cup_or_less",3300,26.8
8,"4-8","male","2017-2018","more_than_1_to_less_than_2_cups",9999999,9999999
8,"4-8","male","2017-2018","2_metric_cups_or_more",9999999,9999999
8,"9-11","male","2017-2018","did_not_consume",5000,64.9
8,"9-11","male","2017-2018","1_metric_cup_or_less",3900,50.6
8,"9-11","male","2017-2018","more_than_1_to_less_than_2_cups",9999999,9999999
8,"9-11","male","2017-2018","2_metric_cups_or_more",9999999,9999999
8,"12-13","male","2017-2018","did_not_consume",9999999,9999999
8,"12-13","male","2017-2018","1_metric_cup_or_less",2400,54.5
8,"12-13","male","2017-2018","more_than_1_to_less_than_2_cups",9999999,9999999
8,"12-13","male","2017-2018","2_metric_cups_or_more",9999999,9999999
8,"14-17","male","2017-2018","did_not_consume",2800,29.8
8,"14-17","male","2017-2018","1_metric_cup_or_less",3900,41.5
8,"14-17","male","2017-2018","more_than_1_to_less_than_2_cups",9999999,9999999
8,"14-17","male","2017-2018","2_metric_cups_or_more",9999999,9999999
1,"2-3","female","2017-2018","did_not_consume",83000,85.4
1,"2-3","female","2017-2018","1_metric_cup_or_less",9999999,9999999
1,"2-3","female","2017-2018","more_than_1_to_less_than_2_cups",9999999,9999999
1,"2-3","female","2017-2018","2_metric_cups_or_more",9999999,9999999
1,"4-8","female","2017-2018","did_not_consume",188100,73.9
1,"4-8","female","2017-2018","1_metric_cup_or_less",55400,21.8
1,"4-8","female","2017-2018","more_than_1_to_less_than_2_cups",9999999,9999999
1,"4-8","female","2017-2018","2_metric_cups_or_more",9999999,9999999
1,"9-11","female","2017-2018","did_not_consume",93800,63.4
1,"9-11","female","2017-2018","1_metric_cup_or_less",50600,34.2
1,"9-11","female","2017-2018","more_than_1_to_less_than_2_cups",9999999,9999999
1,"9-11","female","2017-2018","2_metric_cups_or_more",9999999,9999999
1,"12-13","female","2017-2018","did_not_consume",45000,56.1
1,"12-13","female","2017-2018","1_metric_cup_or_less",27700,34.5
1,"12-13","female","2017-2018","more_than_1_to_less_than_2_cups",9999999,9999999
1,"12-13","female","2017-2018","2_metric_cups_or_more",9999999,9999999
1,"14-17","female","2017-2018","did_not_consume",96900,52.8
1,"14-17","female","2017-2018","1_metric_cup_or_less",64300,35
1,"14-17","female","2017-2018","more_than_1_to_less_than_2_cups",17900,9.8
1,"14-17","female","2017-2018","2_metric_cups_or_more",9999999,9999999
2,"2-3","female","2017-2018","did_not_consume",66800,82.7
2,"2-3","female","2017-2018","1_metric_cup_or_less",18100,22.4
2,"2-3","female","2017-2018","more_than_1_to_less_than_2_cups",9999999,9999999
2,"2-3","female","2017-2018","2_metric_cups_or_more",9999999,9999999
2,"4-8","female","2017-2018","did_not_consume",144300,74.5
2,"4-8","female","2017-2018","1_metric_cup_or_less",53300,27.5
2,"4-8","female","2017-2018","more_than_1_to_less_than_2_cups",9999999,9999999
2,"4-8","female","2017-2018","2_metric_cups_or_more",9999999,9999999
2,"9-11","female","2017-2018","did_not_consume",83000,70.3
2,"9-11","female","2017-2018","1_metric_cup_or_less",38100,32.3
2,"9-11","female","2017-2018","more_than_1_to_less_than_2_cups",9999999,9999999
2,"9-11","female","2017-2018","2_metric_cups_or_more",9999999,9999999
2,"12-13","female","2017-2018","did_not_consume",43200,58
2,"12-13","female","2017-2018","1_metric_cup_or_less",32700,43.9
2,"12-13","female","2017-2018","more_than_1_to_less_than_2_cups",9999999,9999999
2,"12-13","female","2017-2018","2_metric_cups_or_more",9999999,9999999
2,"14-17","female","2017-2018","did_not_consume",84300,62.8
2,"14-17","female","2017-2018","1_metric_cup_or_less",50300,37.5
2,"14-17","female","2017-2018","more_than_1_to_less_than_2_cups",9999999,9999999
2,"14-17","female","2017-2018","2_metric_cups_or_more",9999999,9999999
3,"2-3","female","2017-2018","did_not_consume",57300,79.8
3,"2-3","female","2017-2018","1_metric_cup_or_less",9700,13.5
3,"2-3","female","2017-2018","more_than_1_to_less_than_2_cups",9999999,9999999
3,"2-3","female","2017-2018","2_metric_cups_or_more",9999999,9999999
3,"4-8","female","2017-2018","did_not_consume",110900,72.8
3,"4-8","female","2017-2018","1_metric_cup_or_less",38600,25.3
3,"4-8","female","2017-2018","more_than_1_to_less_than_2_cups",9999999,9999999
3,"4-8","female","2017-2018","2_metric_cups_or_more",9999999,9999999
3,"9-11","female","2017-2018","did_not_consume",54600,56.8
3,"9-11","female","2017-2018","1_metric_cup_or_less",38900,40.5
3,"9-11","female","2017-2018","more_than_1_to_less_than_2_cups",9999999,9999999
3,"9-11","female","2017-2018","2_metric_cups_or_more",9999999,9999999
3,"12-13","female","2017-2018","did_not_consume",21000,32.3
3,"12-13","female","2017-2018","1_metric_cup_or_less",36400,56
3,"12-13","female","2017-2018","more_than_1_to_less_than_2_cups",9999999,9999999
3,"12-13","female","2017-2018","2_metric_cups_or_more",9999999,9999999
3,"14-17","female","2017-2018","did_not_consume",64600,54.3
3,"14-17","female","2017-2018","1_metric_cup_or_less",35900,30.2
3,"14-17","female","2017-2018","more_than_1_to_less_than_2_cups",9999999,9999999
3,"14-17","female","2017-2018","2_metric_cups_or_more",7500,6.3
4,"2-3","female","2017-2018","did_not_consume",14800,142.3
4,"2-3","female","2017-2018","1_metric_cup_or_less",9999999,9999999
4,"2-3","female","2017-2018","more_than_1_to_less_than_2_cups",9999999,9999999
4,"2-3","female","2017-2018","2_metric_cups_or_more",9999999,9999999
4,"4-8","female","2017-2018","did_not_consume",42300,72.7
4,"4-8","female","2017-2018","1_metric_cup_or_less",16800,28.9
4,"4-8","female","2017-2018","more_than_1_to_less_than_2_cups",9999999,9999999
4,"4-8","female","2017-2018","2_metric_cups_or_more",9999999,9999999
4,"9-11","female","2017-2018","did_not_consume",10200,35.8
4,"9-11","female","2017-2018","1_metric_cup_or_less",17800,62.5
4,"9-11","female","2017-2018","more_than_1_to_less_than_2_cups",9999999,9999999
4,"9-11","female","2017-2018","2_metric_cups_or_more",9999999,9999999
4,"12-13","female","2017-2018","did_not_consume",9999999,9999999
4,"12-13","female","2017-2018","1_metric_cup_or_less",8200,45.6
4,"12-13","female","2017-2018","more_than_1_to_less_than_2_cups",9999999,9999999
4,"12-13","female","2017-2018","2_metric_cups_or_more",9999999,9999999
4,"14-17","female","2017-2018","did_not_consume",20900,48.8
4,"14-17","female","2017-2018","1_metric_cup_or_less",19200,44.9
4,"14-17","female","2017-2018","more_than_1_to_less_than_2_cups",9999999,9999999
4,"14-17","female","2017-2018","2_metric_cups_or_more",9999999,9999999
5,"2-3","female","2017-2018","did_not_consume",15200,45.6
5,"2-3","female","2017-2018","1_metric_cup_or_less",9999999,9999999
5,"2-3","female","2017-2018","more_than_1_to_less_than_2_cups",9999999,9999999
5,"2-3","female","2017-2018","2_metric_cups_or_more",9999999,9999999
5,"4-8","female","2017-2018","did_not_consume",62000,69
5,"4-8","female","2017-2018","1_metric_cup_or_less",26400,29.4
5,"4-8","female","2017-2018","more_than_1_to_less_than_2_cups",9999999,9999999
5,"4-8","female","2017-2018","2_metric_cups_or_more",9999999,9999999
5,"9-11","female","2017-2018","did_not_consume",29400,69.7
5,"9-11","female","2017-2018","1_metric_cup_or_less",9700,23
5,"9-11","female","2017-2018","more_than_1_to_less_than_2_cups",9999999,9999999
5,"9-11","female","2017-2018","2_metric_cups_or_more",9999999,9999999
5,"12-13","female","2017-2018","did_not_consume",22500,76.8
5,"12-13","female","2017-2018","1_metric_cup_or_less",11300,38.6
5,"12-13","female","2017-2018","more_than_1_to_less_than_2_cups",9999999,9999999
5,"12-13","female","2017-2018","2_metric_cups_or_more",9999999,9999999
5,"14-17","female","2017-2018","did_not_consume",27300,51.3
5,"14-17","female","2017-2018","1_metric_cup_or_less",18700,35.2
5,"14-17","female","2017-2018","more_than_1_to_less_than_2_cups",9999999,9999999
5,"14-17","female","2017-2018","2_metric_cups_or_more",4300,8.1
6,"2-3","female","2017-2018","did_not_consume",6800,100
6,"2-3","female","2017-2018","1_metric_cup_or_less",9999999,9999999
6,"2-3","female","2017-2018","more_than_1_to_less_than_2_cups",9999999,9999999
6,"2-3","female","2017-2018","2_metric_cups_or_more",9999999,9999999
6,"4-8","female","2017-2018","did_not_consume",8700,57.2
6,"4-8","female","2017-2018","1_metric_cup_or_less",7200,47.4
6,"4-8","female","2017-2018","more_than_1_to_less_than_2_cups",9999999,9999999
6,"4-8","female","2017-2018","2_metric_cups_or_more",9999999,9999999
6,"9-11","female","2017-2018","did_not_consume",4800,53.3
6,"9-11","female","2017-2018","1_metric_cup_or_less",3100,34.4
6,"9-11","female","2017-2018","more_than_1_to_less_than_2_cups",9999999,9999999
6,"9-11","female","2017-2018","2_metric_cups_or_more",9999999,9999999
6,"12-13","female","2017-2018","did_not_consume",3400,89.5
6,"12-13","female","2017-2018","1_metric_cup_or_less",9999999,9999999
6,"12-13","female","2017-2018","more_than_1_to_less_than_2_cups",9999999,9999999
6,"12-13","female","2017-2018","2_metric_cups_or_more",9999999,9999999
6,"14-17","female","2017-2018","did_not_consume",8700,60
6,"14-17","female","2017-2018","1_metric_cup_or_less",2400,16.6
6,"14-17","female","2017-2018","more_than_1_to_less_than_2_cups",2300,15.9
6,"14-17","female","2017-2018","2_metric_cups_or_more",9999999,9999999
7,"2-3","female","2017-2018","did_not_consume",2600,92.9
7,"2-3","female","2017-2018","1_metric_cup_or_less",9999999,9999999
7,"2-3","female","2017-2018","more_than_1_to_less_than_2_cups",9999999,9999999
7,"2-3","female","2017-2018","2_metric_cups_or_more",9999999,9999999
7,"4-8","female","2017-2018","did_not_consume",4000,63.5
7,"4-8","female","2017-2018","1_metric_cup_or_less",2600,41.3
7,"4-8","female","2017-2018","more_than_1_to_less_than_2_cups",9999999,9999999
7,"4-8","female","2017-2018","2_metric_cups_or_more",9999999,9999999
7,"9-11","female","2017-2018","did_not_consume",1700,54.8
7,"9-11","female","2017-2018","1_metric_cup_or_less",1500,48.4
7,"9-11","female","2017-2018","more_than_1_to_less_than_2_cups",9999999,9999999
7,"9-11","female","2017-2018","2_metric_cups_or_more",9999999,9999999
7,"12-13","female","2017-2018","did_not_consume",900,39.1
7,"12-13","female","2017-2018","1_metric_cup_or_less",900,39.1
7,"12-13","female","2017-2018","more_than_1_to_less_than_2_cups",9999999,9999999
7,"12-13","female","2017-2018","2_metric_cups_or_more",9999999,9999999
7,"14-17","female","2017-2018","did_not_consume",1900,52.8
7,"14-17","female","2017-2018","1_metric_cup_or_less",1500,41.7
7,"14-17","female","2017-2018","more_than_1_to_less_than_2_cups",9999999,9999999
7,"14-17","female","2017-2018","2_metric_cups_or_more",9999999,9999999
8,"2-3","female","2017-2018","did_not_consume",4100,100
8,"2-3","female","2017-2018","1_metric_cup_or_less",9999999,9999999
8,"2-3","female","2017-2018","more_than_1_to_less_than_2_cups",9999999,9999999
8,"2-3","female","2017-2018","2_metric_cups_or_more",9999999,9999999
8,"4-8","female","2017-2018","did_not_consume",10800,77.7
8,"4-8","female","2017-2018","1_metric_cup_or_less",3700,26.6
8,"4-8","female","2017-2018","more_than_1_to_less_than_2_cups",9999999,9999999
8,"4-8","female","2017-2018","2_metric_cups_or_more",9999999,9999999
8,"9-11","female","2017-2018","did_not_consume",3800,45.8
8,"9-11","female","2017-2018","1_metric_cup_or_less",3300,39.8
8,"9-11","female","2017-2018","more_than_1_to_less_than_2_cups",9999999,9999999
8,"9-11","female","2017-2018","2_metric_cups_or_more",9999999,9999999
8,"12-13","female","2017-2018","did_not_consume",2800,80
8,"12-13","female","2017-2018","1_metric_cup_or_less",9999999,9999999
8,"12-13","female","2017-2018","more_than_1_to_less_than_2_cups",9999999,9999999
8,"12-13","female","2017-2018","2_metric_cups_or_more",9999999,9999999
8,"14-17","female","2017-2018","did_not_consume",4400,46.3
8,"14-17","female","2017-2018","1_metric_cup_or_less",3300,34.7
8,"14-17","female","2017-2018","more_than_1_to_less_than_2_cups",1400,14.7
8,"14-17","female","2017-2018","2_metric_cups_or_more",9999999,9999999
