"STE_CODE16","age_group","sex","year_range","daily_consumption_fruit","n","p"
1,"2-3","male","2017-2018","met_recommendation",85900,88.6
1,"2-3","male","2017-2018","did_not_meet_recommendation",9999999,9999999
1,"4-8","male","2017-2018","met_recommendation",184100,72.7
1,"4-8","male","2017-2018","did_not_meet_recommendation",69500,27.5
1,"9-11","male","2017-2018","met_recommendation",107900,64
1,"9-11","male","2017-2018","did_not_meet_recommendation",70300,41.7
1,"12-13","male","2017-2018","met_recommendation",61100,59.7
1,"12-13","male","2017-2018","did_not_meet_recommendation",45100,44.1
1,"14-17","male","2017-2018","met_recommendation",102900,56.4
1,"14-17","male","2017-2018","did_not_meet_recommendation",79800,43.7
2,"2-3","male","2017-2018","met_recommendation",78400,95.3
2,"2-3","male","2017-2018","did_not_meet_recommendation",9999999,9999999
2,"4-8","male","2017-2018","met_recommendation",152900,74.4
2,"4-8","male","2017-2018","did_not_meet_recommendation",44300,21.6
2,"9-11","male","2017-2018","met_recommendation",83600,69.1
2,"9-11","male","2017-2018","did_not_meet_recommendation",38300,31.7
2,"12-13","male","2017-2018","met_recommendation",48400,69.1
2,"12-13","male","2017-2018","did_not_meet_recommendation",15400,22
2,"14-17","male","2017-2018","met_recommendation",92600,62.6
2,"14-17","male","2017-2018","did_not_meet_recommendation",53700,36.3
3,"2-3","male","2017-2018","met_recommendation",50200,96.2
3,"2-3","male","2017-2018","did_not_meet_recommendation",9999999,9999999
3,"4-8","male","2017-2018","met_recommendation",139900,74.3
3,"4-8","male","2017-2018","did_not_meet_recommendation",49800,26.4
3,"9-11","male","2017-2018","met_recommendation",64800,67.5
3,"9-11","male","2017-2018","did_not_meet_recommendation",28200,29.4
3,"12-13","male","2017-2018","met_recommendation",44700,62.4
3,"12-13","male","2017-2018","did_not_meet_recommendation",26800,37.4
3,"14-17","male","2017-2018","met_recommendation",60500,52.4
3,"14-17","male","2017-2018","did_not_meet_recommendation",57000,49.4
4,"2-3","male","2017-2018","did_not_meet_recommendation",16700,0
4,"4-8","male","2017-2018","did_not_meet_recommendation",51300,19.9
4,"9-11","male","2017-2018","did_not_meet_recommendation",23600,31.3
4,"12-13","male","2017-2018","did_not_meet_recommendation",9800,62.6
4,"14-17","male","2017-2018","did_not_meet_recommendation",19800,55.9
5,"2-3","male","2017-2018","met_recommendation",28100,100
5,"2-3","male","2017-2018","did_not_meet_recommendation",9999999,9999999
5,"4-8","male","2017-2018","met_recommendation",78400,95.3
5,"4-8","male","2017-2018","did_not_meet_recommendation",15000,18.2
5,"9-11","male","2017-2018","met_recommendation",49400,83.6
5,"9-11","male","2017-2018","did_not_meet_recommendation",9999999,9999999
5,"12-13","male","2017-2018","met_recommendation",16700,62.3
5,"12-13","male","2017-2018","did_not_meet_recommendation",9800,36.6
5,"14-17","male","2017-2018","met_recommendation",28300,44.3
5,"14-17","male","2017-2018","did_not_meet_recommendation",34300,53.7
6,"2-3","male","2017-2018","met_recommendation",6500,100
6,"2-3","male","2017-2018","did_not_meet_recommendation",9999999,9999999
6,"4-8","male","2017-2018","met_recommendation",13500,78
6,"4-8","male","2017-2018","did_not_meet_recommendation",3200,18.5
6,"9-11","male","2017-2018","met_recommendation",6200,68.1
6,"9-11","male","2017-2018","did_not_meet_recommendation",3900,42.9
6,"12-13","male","2017-2018","met_recommendation",4500,66.2
6,"12-13","male","2017-2018","did_not_meet_recommendation",1900,27.9
6,"14-17","male","2017-2018","met_recommendation",5100,40.5
6,"14-17","male","2017-2018","did_not_meet_recommendation",7400,58.7
7,"2-3","male","2017-2018","met_recommendation",2500,92.6
7,"2-3","male","2017-2018","did_not_meet_recommendation",9999999,9999999
7,"4-8","male","2017-2018","met_recommendation",5000,82
7,"4-8","male","2017-2018","did_not_meet_recommendation",1400,23
7,"9-11","male","2017-2018","met_recommendation",2400,70.6
7,"9-11","male","2017-2018","did_not_meet_recommendation",1200,35.3
7,"12-13","male","2017-2018","met_recommendation",9999999,9999999
7,"12-13","male","2017-2018","did_not_meet_recommendation",2200,68.8
7,"14-17","male","2017-2018","met_recommendation",1500,36.6
7,"14-17","male","2017-2018","did_not_meet_recommendation",1900,46.3
8,"2-3","male","2017-2018","met_recommendation",6800,103
8,"2-3","male","2017-2018","did_not_meet_recommendation",9999999,9999999
8,"4-8","male","2017-2018","met_recommendation",9800,79.7
8,"4-8","male","2017-2018","did_not_meet_recommendation",2200,17.9
8,"9-11","male","2017-2018","met_recommendation",7400,96.1
8,"9-11","male","2017-2018","did_not_meet_recommendation",1900,24.7
8,"12-13","male","2017-2018","met_recommendation",2700,61.4
8,"12-13","male","2017-2018","did_not_meet_recommendation",9999999,9999999
8,"14-17","male","2017-2018","met_recommendation",3700,39.4
8,"14-17","male","2017-2018","did_not_meet_recommendation",6000,63.8
1,"2-3","female","2017-2018","met_recommendation",92500,95.2
1,"2-3","female","2017-2018","did_not_meet_recommendation",9999999,9999999
1,"4-8","female","2017-2018","met_recommendation",194500,76.4
1,"4-8","female","2017-2018","did_not_meet_recommendation",51000,20
1,"9-11","female","2017-2018","met_recommendation",124100,83.9
1,"9-11","female","2017-2018","did_not_meet_recommendation",26800,18.1
1,"12-13","female","2017-2018","met_recommendation",44000,54.9
1,"12-13","female","2017-2018","did_not_meet_recommendation",34600,43.1
1,"14-17","female","2017-2018","met_recommendation",117300,63.9
1,"14-17","female","2017-2018","did_not_meet_recommendation",61500,33.5
2,"2-3","female","2017-2018","met_recommendation",82000,101.5
2,"2-3","female","2017-2018","did_not_meet_recommendation",9999999,9999999
2,"4-8","female","2017-2018","met_recommendation",151500,78.3
2,"4-8","female","2017-2018","did_not_meet_recommendation",37800,19.5
2,"9-11","female","2017-2018","met_recommendation",91400,77.4
2,"9-11","female","2017-2018","did_not_meet_recommendation",26200,22.2
2,"12-13","female","2017-2018","met_recommendation",51700,69.4
2,"12-13","female","2017-2018","did_not_meet_recommendation",15700,21.1
2,"14-17","female","2017-2018","met_recommendation",88300,65.7
2,"14-17","female","2017-2018","did_not_meet_recommendation",44100,32.8
3,"2-3","female","2017-2018","met_recommendation",69400,96.7
3,"2-3","female","2017-2018","did_not_meet_recommendation",9999999,9999999
3,"4-8","female","2017-2018","met_recommendation",122900,80.6
3,"4-8","female","2017-2018","did_not_meet_recommendation",29500,19.4
3,"9-11","female","2017-2018","met_recommendation",63500,66.1
3,"9-11","female","2017-2018","did_not_meet_recommendation",29200,30.4
3,"12-13","female","2017-2018","met_recommendation",37100,57.1
3,"12-13","female","2017-2018","did_not_meet_recommendation",25800,39.7
3,"14-17","female","2017-2018","met_recommendation",61400,51.6
3,"14-17","female","2017-2018","did_not_meet_recommendation",51600,43.4
4,"2-3","female","2017-2018","met_recommendation",10400,100
4,"2-3","female","2017-2018","did_not_meet_recommendation",9999999,9999999
4,"4-8","female","2017-2018","met_recommendation",45100,77.5
4,"4-8","female","2017-2018","did_not_meet_recommendation",12100,20.8
4,"9-11","female","2017-2018","met_recommendation",27100,95.1
4,"9-11","female","2017-2018","did_not_meet_recommendation",9999999,9999999
4,"12-13","female","2017-2018","met_recommendation",8100,45
4,"12-13","female","2017-2018","did_not_meet_recommendation",9999999,9999999
4,"14-17","female","2017-2018","met_recommendation",24700,57.7
4,"14-17","female","2017-2018","did_not_meet_recommendation",15800,36.9
5,"2-3","female","2017-2018","met_recommendation",29600,88.9
5,"2-3","female","2017-2018","did_not_meet_recommendation",9999999,9999999
5,"4-8","female","2017-2018","met_recommendation",69200,77
5,"4-8","female","2017-2018","did_not_meet_recommendation",19300,21.5
5,"9-11","female","2017-2018","met_recommendation",34600,82
5,"9-11","female","2017-2018","did_not_meet_recommendation",12600,29.9
5,"12-13","female","2017-2018","met_recommendation",17500,59.7
5,"12-13","female","2017-2018","did_not_meet_recommendation",9700,33.1
5,"14-17","female","2017-2018","met_recommendation",40200,75.6
5,"14-17","female","2017-2018","did_not_meet_recommendation",19000,35.7
6,"2-3","female","2017-2018","met_recommendation",6800,100
6,"2-3","female","2017-2018","did_not_meet_recommendation",9999999,9999999
6,"4-8","female","2017-2018","met_recommendation",14600,96.1
6,"4-8","female","2017-2018","did_not_meet_recommendation",9999999,9999999
6,"9-11","female","2017-2018","met_recommendation",5200,57.8
6,"9-11","female","2017-2018","did_not_meet_recommendation",2800,31.1
6,"12-13","female","2017-2018","met_recommendation",2500,65.8
6,"12-13","female","2017-2018","did_not_meet_recommendation",9999999,9999999
6,"14-17","female","2017-2018","met_recommendation",9100,62.8
6,"14-17","female","2017-2018","did_not_meet_recommendation",4500,31
7,"2-3","female","2017-2018","met_recommendation",2700,96.4
7,"2-3","female","2017-2018","did_not_meet_recommendation",9999999,9999999
7,"4-8","female","2017-2018","met_recommendation",5200,82.5
7,"4-8","female","2017-2018","did_not_meet_recommendation",9999999,9999999
7,"9-11","female","2017-2018","met_recommendation",2800,90.3
7,"9-11","female","2017-2018","did_not_meet_recommendation",9999999,9999999
7,"12-13","female","2017-2018","met_recommendation",900,39.1
7,"12-13","female","2017-2018","did_not_meet_recommendation",800,34.8
7,"14-17","female","2017-2018","met_recommendation",2600,72.2
7,"14-17","female","2017-2018","did_not_meet_recommendation",1500,41.7
8,"2-3","female","2017-2018","met_recommendation",4100,100
8,"2-3","female","2017-2018","did_not_meet_recommendation",9999999,9999999
8,"4-8","female","2017-2018","met_recommendation",11300,81.3
8,"4-8","female","2017-2018","did_not_meet_recommendation",3200,23
8,"9-11","female","2017-2018","met_recommendation",4600,55.4
8,"9-11","female","2017-2018","did_not_meet_recommendation",2200,26.5
8,"12-13","female","2017-2018","met_recommendation",9999999,9999999
8,"12-13","female","2017-2018","did_not_meet_recommendation",1800,51.4
8,"14-17","female","2017-2018","met_recommendation",5900,62.1
8,"14-17","female","2017-2018","did_not_meet_recommendation",3800,40
