"STE_CODE16","age_group","sex","year_range","usual_consumption_selected_sugar_sweetened_diet_drinks","p","uncertainty"
1,"2-3","male","2017-2018","did_not_consume",63.9,1
1,"2-3","male","2017-2018","1_metric_cup_or_less",15.9,1
1,"2-3","male","2017-2018","more_than_1_to_less_than_2_cups",0,0
1,"2-3","male","2017-2018","2_metric_cups_or_more",5.7,1
1,"4-8","male","2017-2018","did_not_consume",65.7,1
1,"4-8","male","2017-2018","1_metric_cup_or_less",25.6,1
1,"4-8","male","2017-2018","more_than_1_to_less_than_2_cups",0,0
1,"4-8","male","2017-2018","2_metric_cups_or_more",5.8,0
1,"9-11","male","2017-2018","did_not_consume",53,1
1,"9-11","male","2017-2018","1_metric_cup_or_less",35.9,1
1,"9-11","male","2017-2018","more_than_1_to_less_than_2_cups",2.4,1
1,"9-11","male","2017-2018","2_metric_cups_or_more",6.3,1
1,"12-13","male","2017-2018","did_not_consume",23.9,1
1,"12-13","male","2017-2018","1_metric_cup_or_less",58.8,1
1,"12-13","male","2017-2018","more_than_1_to_less_than_2_cups",2.7,1
1,"12-13","male","2017-2018","2_metric_cups_or_more",10.2,1
1,"14-17","male","2017-2018","did_not_consume",26.6,0
1,"14-17","male","2017-2018","1_metric_cup_or_less",52.3,1
1,"14-17","male","2017-2018","more_than_1_to_less_than_2_cups",10.5,0
1,"14-17","male","2017-2018","2_metric_cups_or_more",8,0
2,"2-3","male","2017-2018","did_not_consume",88.1,0
2,"2-3","male","2017-2018","1_metric_cup_or_less",11.1,1
2,"2-3","male","2017-2018","more_than_1_to_less_than_2_cups",0,0
2,"2-3","male","2017-2018","2_metric_cups_or_more",0,0
2,"4-8","male","2017-2018","did_not_consume",64.6,0
2,"4-8","male","2017-2018","1_metric_cup_or_less",31,0
2,"4-8","male","2017-2018","more_than_1_to_less_than_2_cups",0,0
2,"4-8","male","2017-2018","2_metric_cups_or_more",0,0
2,"9-11","male","2017-2018","did_not_consume",56.5,1
2,"9-11","male","2017-2018","1_metric_cup_or_less",49,1
2,"9-11","male","2017-2018","more_than_1_to_less_than_2_cups",0,0
2,"9-11","male","2017-2018","2_metric_cups_or_more",6.8,0
2,"12-13","male","2017-2018","did_not_consume",45.7,1
2,"12-13","male","2017-2018","1_metric_cup_or_less",45.9,1
2,"12-13","male","2017-2018","more_than_1_to_less_than_2_cups",6.9,1
2,"12-13","male","2017-2018","2_metric_cups_or_more",3.6,1
2,"14-17","male","2017-2018","did_not_consume",35.3,1
2,"14-17","male","2017-2018","1_metric_cup_or_less",49.1,1
2,"14-17","male","2017-2018","more_than_1_to_less_than_2_cups",12.8,0
2,"14-17","male","2017-2018","2_metric_cups_or_more",8.4,0
3,"2-3","male","2017-2018","did_not_consume",85.6,1
3,"2-3","male","2017-2018","1_metric_cup_or_less",8.2,1
3,"2-3","male","2017-2018","more_than_1_to_less_than_2_cups",0,0
3,"2-3","male","2017-2018","2_metric_cups_or_more",0,0
3,"4-8","male","2017-2018","did_not_consume",60.1,0
3,"4-8","male","2017-2018","1_metric_cup_or_less",35,1
3,"4-8","male","2017-2018","more_than_1_to_less_than_2_cups",0,0
3,"4-8","male","2017-2018","2_metric_cups_or_more",1.5,1
3,"9-11","male","2017-2018","did_not_consume",42.9,1
3,"9-11","male","2017-2018","1_metric_cup_or_less",52.7,1
3,"9-11","male","2017-2018","more_than_1_to_less_than_2_cups",0,0
3,"9-11","male","2017-2018","2_metric_cups_or_more",0,0
3,"12-13","male","2017-2018","did_not_consume",37.3,1
3,"12-13","male","2017-2018","1_metric_cup_or_less",45.7,1
3,"12-13","male","2017-2018","more_than_1_to_less_than_2_cups",5.3,1
3,"12-13","male","2017-2018","2_metric_cups_or_more",5.3,1
3,"14-17","male","2017-2018","did_not_consume",27.7,1
3,"14-17","male","2017-2018","1_metric_cup_or_less",52,1
3,"14-17","male","2017-2018","more_than_1_to_less_than_2_cups",10.5,0
3,"14-17","male","2017-2018","2_metric_cups_or_more",16.6,1
4,"2-3","male","2017-2018","did_not_consume",64.1,1
4,"2-3","male","2017-2018","1_metric_cup_or_less",21,1
4,"2-3","male","2017-2018","more_than_1_to_less_than_2_cups",0,0
4,"2-3","male","2017-2018","2_metric_cups_or_more",0,0
4,"4-8","male","2017-2018","did_not_consume",76.1,1
4,"4-8","male","2017-2018","1_metric_cup_or_less",21.5,1
4,"4-8","male","2017-2018","more_than_1_to_less_than_2_cups",0,0
4,"4-8","male","2017-2018","2_metric_cups_or_more",0,0
4,"9-11","male","2017-2018","did_not_consume",66.5,1
4,"9-11","male","2017-2018","1_metric_cup_or_less",34.5,1
4,"9-11","male","2017-2018","more_than_1_to_less_than_2_cups",0,0
4,"9-11","male","2017-2018","2_metric_cups_or_more",0,0
4,"12-13","male","2017-2018","did_not_consume",20.4,1
4,"12-13","male","2017-2018","1_metric_cup_or_less",50.5,1
4,"12-13","male","2017-2018","more_than_1_to_less_than_2_cups",0,0
4,"12-13","male","2017-2018","2_metric_cups_or_more",13.1,1
4,"14-17","male","2017-2018","did_not_consume",30.5,1
4,"14-17","male","2017-2018","1_metric_cup_or_less",42.9,1
4,"14-17","male","2017-2018","more_than_1_to_less_than_2_cups",15.1,1
4,"14-17","male","2017-2018","2_metric_cups_or_more",11.3,1
5,"2-3","male","2017-2018","did_not_consume",84.7,1
5,"2-3","male","2017-2018","1_metric_cup_or_less",38.4,1
5,"2-3","male","2017-2018","more_than_1_to_less_than_2_cups",0,0
5,"2-3","male","2017-2018","2_metric_cups_or_more",0,0
5,"4-8","male","2017-2018","did_not_consume",69.6,1
5,"4-8","male","2017-2018","1_metric_cup_or_less",32.8,1
5,"4-8","male","2017-2018","more_than_1_to_less_than_2_cups",0,0
5,"4-8","male","2017-2018","2_metric_cups_or_more",5.2,1
5,"9-11","male","2017-2018","did_not_consume",62.6,1
5,"9-11","male","2017-2018","1_metric_cup_or_less",36.7,1
5,"9-11","male","2017-2018","more_than_1_to_less_than_2_cups",0,0
5,"9-11","male","2017-2018","2_metric_cups_or_more",0,0
5,"12-13","male","2017-2018","did_not_consume",41,1
5,"12-13","male","2017-2018","1_metric_cup_or_less",68.3,1
5,"12-13","male","2017-2018","more_than_1_to_less_than_2_cups",0,0
5,"12-13","male","2017-2018","2_metric_cups_or_more",0,0
5,"14-17","male","2017-2018","did_not_consume",44.4,1
5,"14-17","male","2017-2018","1_metric_cup_or_less",42.1,1
5,"14-17","male","2017-2018","more_than_1_to_less_than_2_cups",3.6,1
5,"14-17","male","2017-2018","2_metric_cups_or_more",9.9,0
6,"2-3","male","2017-2018","did_not_consume",63.1,1
6,"2-3","male","2017-2018","1_metric_cup_or_less",10.8,1
6,"2-3","male","2017-2018","more_than_1_to_less_than_2_cups",0,0
6,"2-3","male","2017-2018","2_metric_cups_or_more",10.8,1
6,"4-8","male","2017-2018","did_not_consume",54.3,1
6,"4-8","male","2017-2018","1_metric_cup_or_less",28.9,1
6,"4-8","male","2017-2018","more_than_1_to_less_than_2_cups",0,0
6,"4-8","male","2017-2018","2_metric_cups_or_more",0,0
6,"9-11","male","2017-2018","did_not_consume",34.1,1
6,"9-11","male","2017-2018","1_metric_cup_or_less",51.6,1
6,"9-11","male","2017-2018","more_than_1_to_less_than_2_cups",0,0
6,"9-11","male","2017-2018","2_metric_cups_or_more",0,0
6,"12-13","male","2017-2018","did_not_consume",48.5,1
6,"12-13","male","2017-2018","1_metric_cup_or_less",35.3,1
6,"12-13","male","2017-2018","more_than_1_to_less_than_2_cups",13.2,1
6,"12-13","male","2017-2018","2_metric_cups_or_more",7.4,1
6,"14-17","male","2017-2018","did_not_consume",28.6,1
6,"14-17","male","2017-2018","1_metric_cup_or_less",42.1,1
6,"14-17","male","2017-2018","more_than_1_to_less_than_2_cups",4.8,1
6,"14-17","male","2017-2018","2_metric_cups_or_more",25.4,1
7,"2-3","male","2017-2018","did_not_consume",103.7,1
7,"2-3","male","2017-2018","1_metric_cup_or_less",7.4,1
7,"2-3","male","2017-2018","more_than_1_to_less_than_2_cups",0,0
7,"2-3","male","2017-2018","2_metric_cups_or_more",0,0
7,"4-8","male","2017-2018","did_not_consume",88.5,1
7,"4-8","male","2017-2018","1_metric_cup_or_less",18,1
7,"4-8","male","2017-2018","more_than_1_to_less_than_2_cups",0,0
7,"4-8","male","2017-2018","2_metric_cups_or_more",0,0
7,"9-11","male","2017-2018","did_not_consume",61.8,1
7,"9-11","male","2017-2018","1_metric_cup_or_less",44.1,1
7,"9-11","male","2017-2018","more_than_1_to_less_than_2_cups",0,0
7,"9-11","male","2017-2018","2_metric_cups_or_more",29.4,1
7,"12-13","male","2017-2018","did_not_consume",37.5,1
7,"12-13","male","2017-2018","1_metric_cup_or_less",25,1
7,"12-13","male","2017-2018","more_than_1_to_less_than_2_cups",0,0
7,"12-13","male","2017-2018","2_metric_cups_or_more",0,0
7,"14-17","male","2017-2018","did_not_consume",34.1,1
7,"14-17","male","2017-2018","1_metric_cup_or_less",26.8,1
7,"14-17","male","2017-2018","more_than_1_to_less_than_2_cups",7.3,1
7,"14-17","male","2017-2018","2_metric_cups_or_more",24.4,1
8,"2-3","male","2017-2018","did_not_consume",81.8,1
8,"2-3","male","2017-2018","1_metric_cup_or_less",13.6,1
8,"2-3","male","2017-2018","more_than_1_to_less_than_2_cups",0,0
8,"2-3","male","2017-2018","2_metric_cups_or_more",0,0
8,"4-8","male","2017-2018","did_not_consume",82.9,1
8,"4-8","male","2017-2018","1_metric_cup_or_less",26.8,1
8,"4-8","male","2017-2018","more_than_1_to_less_than_2_cups",0,0
8,"4-8","male","2017-2018","2_metric_cups_or_more",0,0
8,"9-11","male","2017-2018","did_not_consume",64.9,1
8,"9-11","male","2017-2018","1_metric_cup_or_less",50.6,1
8,"9-11","male","2017-2018","more_than_1_to_less_than_2_cups",0,0
8,"9-11","male","2017-2018","2_metric_cups_or_more",0,0
8,"12-13","male","2017-2018","did_not_consume",34.1,1
8,"12-13","male","2017-2018","1_metric_cup_or_less",54.5,1
8,"12-13","male","2017-2018","more_than_1_to_less_than_2_cups",0,0
8,"12-13","male","2017-2018","2_metric_cups_or_more",0,0
8,"14-17","male","2017-2018","did_not_consume",29.8,1
8,"14-17","male","2017-2018","1_metric_cup_or_less",41.5,1
8,"14-17","male","2017-2018","more_than_1_to_less_than_2_cups",6.4,1
8,"14-17","male","2017-2018","2_metric_cups_or_more",18.1,1
1,"2-3","female","2017-2018","did_not_consume",85.4,1
1,"2-3","female","2017-2018","1_metric_cup_or_less",8.8,1
1,"2-3","female","2017-2018","more_than_1_to_less_than_2_cups",0,0
1,"2-3","female","2017-2018","2_metric_cups_or_more",0,0
1,"4-8","female","2017-2018","did_not_consume",73.9,0
1,"4-8","female","2017-2018","1_metric_cup_or_less",21.8,0
1,"4-8","female","2017-2018","more_than_1_to_less_than_2_cups",0,0
1,"4-8","female","2017-2018","2_metric_cups_or_more",0,0
1,"9-11","female","2017-2018","did_not_consume",63.4,1
1,"9-11","female","2017-2018","1_metric_cup_or_less",34.2,1
1,"9-11","female","2017-2018","more_than_1_to_less_than_2_cups",0,0
1,"9-11","female","2017-2018","2_metric_cups_or_more",0,0
1,"12-13","female","2017-2018","did_not_consume",56.1,1
1,"12-13","female","2017-2018","1_metric_cup_or_less",34.5,1
1,"12-13","female","2017-2018","more_than_1_to_less_than_2_cups",0,0
1,"12-13","female","2017-2018","2_metric_cups_or_more",0,0
1,"14-17","female","2017-2018","did_not_consume",52.8,1
1,"14-17","female","2017-2018","1_metric_cup_or_less",35,0
1,"14-17","female","2017-2018","more_than_1_to_less_than_2_cups",9.8,0
1,"14-17","female","2017-2018","2_metric_cups_or_more",2.3,1
2,"2-3","female","2017-2018","did_not_consume",82.7,1
2,"2-3","female","2017-2018","1_metric_cup_or_less",22.4,1
2,"2-3","female","2017-2018","more_than_1_to_less_than_2_cups",0,0
2,"2-3","female","2017-2018","2_metric_cups_or_more",0,0
2,"4-8","female","2017-2018","did_not_consume",74.5,0
2,"4-8","female","2017-2018","1_metric_cup_or_less",27.5,0
2,"4-8","female","2017-2018","more_than_1_to_less_than_2_cups",0,0
2,"4-8","female","2017-2018","2_metric_cups_or_more",0,0
2,"9-11","female","2017-2018","did_not_consume",70.3,1
2,"9-11","female","2017-2018","1_metric_cup_or_less",32.3,1
2,"9-11","female","2017-2018","more_than_1_to_less_than_2_cups",0,0
2,"9-11","female","2017-2018","2_metric_cups_or_more",0,0
2,"12-13","female","2017-2018","did_not_consume",58,1
2,"12-13","female","2017-2018","1_metric_cup_or_less",43.9,1
2,"12-13","female","2017-2018","more_than_1_to_less_than_2_cups",0,0
2,"12-13","female","2017-2018","2_metric_cups_or_more",0,0
2,"14-17","female","2017-2018","did_not_consume",62.8,1
2,"14-17","female","2017-2018","1_metric_cup_or_less",37.5,1
2,"14-17","female","2017-2018","more_than_1_to_less_than_2_cups",3.7,1
2,"14-17","female","2017-2018","2_metric_cups_or_more",2.5,1
3,"2-3","female","2017-2018","did_not_consume",79.8,1
3,"2-3","female","2017-2018","1_metric_cup_or_less",13.5,1
3,"2-3","female","2017-2018","more_than_1_to_less_than_2_cups",0,0
3,"2-3","female","2017-2018","2_metric_cups_or_more",0,0
3,"4-8","female","2017-2018","did_not_consume",72.8,0
3,"4-8","female","2017-2018","1_metric_cup_or_less",25.3,0
3,"4-8","female","2017-2018","more_than_1_to_less_than_2_cups",0,0
3,"4-8","female","2017-2018","2_metric_cups_or_more",1,1
3,"9-11","female","2017-2018","did_not_consume",56.8,1
3,"9-11","female","2017-2018","1_metric_cup_or_less",40.5,1
3,"9-11","female","2017-2018","more_than_1_to_less_than_2_cups",0,0
3,"9-11","female","2017-2018","2_metric_cups_or_more",0,0
3,"12-13","female","2017-2018","did_not_consume",32.3,1
3,"12-13","female","2017-2018","1_metric_cup_or_less",56,1
3,"12-13","female","2017-2018","more_than_1_to_less_than_2_cups",0,0
3,"12-13","female","2017-2018","2_metric_cups_or_more",0,0
3,"14-17","female","2017-2018","did_not_consume",54.3,1
3,"14-17","female","2017-2018","1_metric_cup_or_less",30.2,0
3,"14-17","female","2017-2018","more_than_1_to_less_than_2_cups",7.2,1
3,"14-17","female","2017-2018","2_metric_cups_or_more",6.3,0
4,"2-3","female","2017-2018","did_not_consume",142.3,1
4,"2-3","female","2017-2018","1_metric_cup_or_less",0,0
4,"2-3","female","2017-2018","more_than_1_to_less_than_2_cups",0,0
4,"2-3","female","2017-2018","2_metric_cups_or_more",0,0
4,"4-8","female","2017-2018","did_not_consume",72.7,1
4,"4-8","female","2017-2018","1_metric_cup_or_less",28.9,1
4,"4-8","female","2017-2018","more_than_1_to_less_than_2_cups",0,0
4,"4-8","female","2017-2018","2_metric_cups_or_more",0,0
4,"9-11","female","2017-2018","did_not_consume",35.8,1
4,"9-11","female","2017-2018","1_metric_cup_or_less",62.5,1
4,"9-11","female","2017-2018","more_than_1_to_less_than_2_cups",0,0
4,"9-11","female","2017-2018","2_metric_cups_or_more",0,0
4,"12-13","female","2017-2018","did_not_consume",26.7,1
4,"12-13","female","2017-2018","1_metric_cup_or_less",45.6,1
4,"12-13","female","2017-2018","more_than_1_to_less_than_2_cups",7.8,1
4,"12-13","female","2017-2018","2_metric_cups_or_more",18.9,1
4,"14-17","female","2017-2018","did_not_consume",48.8,1
4,"14-17","female","2017-2018","1_metric_cup_or_less",44.9,1
4,"14-17","female","2017-2018","more_than_1_to_less_than_2_cups",0,0
4,"14-17","female","2017-2018","2_metric_cups_or_more",8.2,0
5,"2-3","female","2017-2018","did_not_consume",45.6,1
5,"2-3","female","2017-2018","1_metric_cup_or_less",19.8,1
5,"2-3","female","2017-2018","more_than_1_to_less_than_2_cups",0,0
5,"2-3","female","2017-2018","2_metric_cups_or_more",0,0
5,"4-8","female","2017-2018","did_not_consume",69,1
5,"4-8","female","2017-2018","1_metric_cup_or_less",29.4,1
5,"4-8","female","2017-2018","more_than_1_to_less_than_2_cups",0,0
5,"4-8","female","2017-2018","2_metric_cups_or_more",0,0
5,"9-11","female","2017-2018","did_not_consume",69.7,1
5,"9-11","female","2017-2018","1_metric_cup_or_less",23,1
5,"9-11","female","2017-2018","more_than_1_to_less_than_2_cups",0,0
5,"9-11","female","2017-2018","2_metric_cups_or_more",0,0
5,"12-13","female","2017-2018","did_not_consume",76.8,1
5,"12-13","female","2017-2018","1_metric_cup_or_less",38.6,1
5,"12-13","female","2017-2018","more_than_1_to_less_than_2_cups",0,0
5,"12-13","female","2017-2018","2_metric_cups_or_more",0,0
5,"14-17","female","2017-2018","did_not_consume",51.3,1
5,"14-17","female","2017-2018","1_metric_cup_or_less",35.2,1
5,"14-17","female","2017-2018","more_than_1_to_less_than_2_cups",5.3,1
5,"14-17","female","2017-2018","2_metric_cups_or_more",8.1,0
6,"2-3","female","2017-2018","did_not_consume",100,0
6,"2-3","female","2017-2018","1_metric_cup_or_less",0,0
6,"2-3","female","2017-2018","more_than_1_to_less_than_2_cups",0,0
6,"2-3","female","2017-2018","2_metric_cups_or_more",0,0
6,"4-8","female","2017-2018","did_not_consume",57.2,1
6,"4-8","female","2017-2018","1_metric_cup_or_less",47.4,1
6,"4-8","female","2017-2018","more_than_1_to_less_than_2_cups",0,0
6,"4-8","female","2017-2018","2_metric_cups_or_more",0,0
6,"9-11","female","2017-2018","did_not_consume",53.3,1
6,"9-11","female","2017-2018","1_metric_cup_or_less",34.4,1
6,"9-11","female","2017-2018","more_than_1_to_less_than_2_cups",0,0
6,"9-11","female","2017-2018","2_metric_cups_or_more",0,0
6,"12-13","female","2017-2018","did_not_consume",89.5,1
6,"12-13","female","2017-2018","1_metric_cup_or_less",31.6,1
6,"12-13","female","2017-2018","more_than_1_to_less_than_2_cups",0,0
6,"12-13","female","2017-2018","2_metric_cups_or_more",0,0
6,"14-17","female","2017-2018","did_not_consume",60,1
6,"14-17","female","2017-2018","1_metric_cup_or_less",16.6,1
6,"14-17","female","2017-2018","more_than_1_to_less_than_2_cups",15.9,1
6,"14-17","female","2017-2018","2_metric_cups_or_more",0,0
7,"2-3","female","2017-2018","did_not_consume",92.9,1
7,"2-3","female","2017-2018","1_metric_cup_or_less",10.7,1
7,"2-3","female","2017-2018","more_than_1_to_less_than_2_cups",0,0
7,"2-3","female","2017-2018","2_metric_cups_or_more",0,0
7,"4-8","female","2017-2018","did_not_consume",63.5,1
7,"4-8","female","2017-2018","1_metric_cup_or_less",41.3,1
7,"4-8","female","2017-2018","more_than_1_to_less_than_2_cups",0,0
7,"4-8","female","2017-2018","2_metric_cups_or_more",6.3,1
7,"9-11","female","2017-2018","did_not_consume",54.8,1
7,"9-11","female","2017-2018","1_metric_cup_or_less",48.4,1
7,"9-11","female","2017-2018","more_than_1_to_less_than_2_cups",0,0
7,"9-11","female","2017-2018","2_metric_cups_or_more",25.8,1
7,"12-13","female","2017-2018","did_not_consume",39.1,1
7,"12-13","female","2017-2018","1_metric_cup_or_less",39.1,1
7,"12-13","female","2017-2018","more_than_1_to_less_than_2_cups",0,0
7,"12-13","female","2017-2018","2_metric_cups_or_more",8.7,1
7,"14-17","female","2017-2018","did_not_consume",52.8,1
7,"14-17","female","2017-2018","1_metric_cup_or_less",41.7,1
7,"14-17","female","2017-2018","more_than_1_to_less_than_2_cups",11.1,1
7,"14-17","female","2017-2018","2_metric_cups_or_more",5.6,1
8,"2-3","female","2017-2018","did_not_consume",100,1
8,"2-3","female","2017-2018","1_metric_cup_or_less",0,0
8,"2-3","female","2017-2018","more_than_1_to_less_than_2_cups",0,0
8,"2-3","female","2017-2018","2_metric_cups_or_more",0,0
8,"4-8","female","2017-2018","did_not_consume",77.7,1
8,"4-8","female","2017-2018","1_metric_cup_or_less",26.6,1
8,"4-8","female","2017-2018","more_than_1_to_less_than_2_cups",0,0
8,"4-8","female","2017-2018","2_metric_cups_or_more",0,0
8,"9-11","female","2017-2018","did_not_consume",45.8,1
8,"9-11","female","2017-2018","1_metric_cup_or_less",39.8,1
8,"9-11","female","2017-2018","more_than_1_to_less_than_2_cups",0,0
8,"9-11","female","2017-2018","2_metric_cups_or_more",0,0
8,"12-13","female","2017-2018","did_not_consume",80,1
8,"12-13","female","2017-2018","1_metric_cup_or_less",20,1
8,"12-13","female","2017-2018","more_than_1_to_less_than_2_cups",0,0
8,"12-13","female","2017-2018","2_metric_cups_or_more",0,0
8,"14-17","female","2017-2018","did_not_consume",46.3,1
8,"14-17","female","2017-2018","1_metric_cup_or_less",34.7,1
8,"14-17","female","2017-2018","more_than_1_to_less_than_2_cups",14.7,1
8,"14-17","female","2017-2018","2_metric_cups_or_more",0,0
