"STE_CODE16","age_group","sex","year_range","daily_consumption_vegetables","n","p"
1,"2-3","male","2017-2018","met_recommendation",9999999,9999999
1,"2-3","male","2017-2018","did_not_meet_recommendation",75300,77.7
1,"4-8","male","2017-2018","met_recommendation",8900,3.5
1,"4-8","male","2017-2018","did_not_meet_recommendation",245900,97.2
1,"9-11","male","2017-2018","met_recommendation",9999999,9999999
1,"9-11","male","2017-2018","did_not_meet_recommendation",162300,96.3
1,"12-13","male","2017-2018","met_recommendation",9999999,9999999
1,"12-13","male","2017-2018","did_not_meet_recommendation",102300,100
1,"14-17","male","2017-2018","met_recommendation",9999999,9999999
1,"14-17","male","2017-2018","did_not_meet_recommendation",173500,95
2,"2-3","male","2017-2018","met_recommendation",21400,26
2,"2-3","male","2017-2018","did_not_meet_recommendation",69200,84.1
2,"4-8","male","2017-2018","met_recommendation",9999999,9999999
2,"4-8","male","2017-2018","did_not_meet_recommendation",187500,91.2
2,"9-11","male","2017-2018","met_recommendation",9999999,9999999
2,"9-11","male","2017-2018","did_not_meet_recommendation",113100,93.5
2,"12-13","male","2017-2018","met_recommendation",9999999,9999999
2,"12-13","male","2017-2018","did_not_meet_recommendation",70000,100
2,"14-17","male","2017-2018","met_recommendation",9999999,9999999
2,"14-17","male","2017-2018","did_not_meet_recommendation",141000,95.3
3,"2-3","male","2017-2018","met_recommendation",9999999,9999999
3,"2-3","male","2017-2018","did_not_meet_recommendation",40000,76.6
3,"4-8","male","2017-2018","met_recommendation",9999999,9999999
3,"4-8","male","2017-2018","did_not_meet_recommendation",187700,99.6
3,"9-11","male","2017-2018","met_recommendation",9999999,9999999
3,"9-11","male","2017-2018","did_not_meet_recommendation",90400,94.2
3,"12-13","male","2017-2018","met_recommendation",9999999,9999999
3,"12-13","male","2017-2018","did_not_meet_recommendation",65100,90.9
3,"14-17","male","2017-2018","met_recommendation",9999999,9999999
3,"14-17","male","2017-2018","did_not_meet_recommendation",111900,97
4,"2-3","male","2017-2018","did_not_meet_recommendation",9999999,9999999
4,"4-8","male","2017-2018","did_not_meet_recommendation",9999999,9999999
4,"9-11","male","2017-2018","did_not_meet_recommendation",9999999,9999999
4,"12-13","male","2017-2018","did_not_meet_recommendation",9999999,9999999
4,"14-17","male","2017-2018","did_not_meet_recommendation",9999999,9999999
5,"2-3","male","2017-2018","met_recommendation",8500,30.2
5,"2-3","male","2017-2018","did_not_meet_recommendation",29800,106
5,"4-8","male","2017-2018","met_recommendation",9999999,9999999
5,"4-8","male","2017-2018","did_not_meet_recommendation",81200,98.7
5,"9-11","male","2017-2018","met_recommendation",9999999,9999999
5,"9-11","male","2017-2018","did_not_meet_recommendation",47900,81
5,"12-13","male","2017-2018","met_recommendation",9999999,9999999
5,"12-13","male","2017-2018","did_not_meet_recommendation",26800,100
5,"14-17","male","2017-2018","met_recommendation",9999999,9999999
5,"14-17","male","2017-2018","did_not_meet_recommendation",58500,91.5
6,"2-3","male","2017-2018","met_recommendation",9999999,9999999
6,"2-3","male","2017-2018","did_not_meet_recommendation",4100,63.1
6,"4-8","male","2017-2018","met_recommendation",9999999,9999999
6,"4-8","male","2017-2018","did_not_meet_recommendation",17500,101.2
6,"9-11","male","2017-2018","met_recommendation",9999999,9999999
6,"9-11","male","2017-2018","did_not_meet_recommendation",9100,100
6,"12-13","male","2017-2018","met_recommendation",9999999,9999999
6,"12-13","male","2017-2018","did_not_meet_recommendation",7000,102.9
6,"14-17","male","2017-2018","met_recommendation",9999999,9999999
6,"14-17","male","2017-2018","did_not_meet_recommendation",12600,100
7,"2-3","male","2017-2018","met_recommendation",600,22.2
7,"2-3","male","2017-2018","did_not_meet_recommendation",2600,96.3
7,"4-8","male","2017-2018","met_recommendation",9999999,9999999
7,"4-8","male","2017-2018","did_not_meet_recommendation",6300,103.3
7,"9-11","male","2017-2018","met_recommendation",9999999,9999999
7,"9-11","male","2017-2018","did_not_meet_recommendation",3800,111.8
7,"12-13","male","2017-2018","met_recommendation",9999999,9999999
7,"12-13","male","2017-2018","did_not_meet_recommendation",3200,100
7,"14-17","male","2017-2018","met_recommendation",9999999,9999999
7,"14-17","male","2017-2018","did_not_meet_recommendation",3900,95.1
8,"2-3","male","2017-2018","met_recommendation",1300,19.7
8,"2-3","male","2017-2018","did_not_meet_recommendation",6000,90.9
8,"4-8","male","2017-2018","met_recommendation",9999999,9999999
8,"4-8","male","2017-2018","did_not_meet_recommendation",12300,100
8,"9-11","male","2017-2018","met_recommendation",9999999,9999999
8,"9-11","male","2017-2018","did_not_meet_recommendation",7700,100
8,"12-13","male","2017-2018","met_recommendation",9999999,9999999
8,"12-13","male","2017-2018","did_not_meet_recommendation",4400,100
8,"14-17","male","2017-2018","met_recommendation",9999999,9999999
8,"14-17","male","2017-2018","did_not_meet_recommendation",9400,100
1,"2-3","female","2017-2018","met_recommendation",24000,24.7
1,"2-3","female","2017-2018","did_not_meet_recommendation",75900,78.1
1,"4-8","female","2017-2018","met_recommendation",25100,9.9
1,"4-8","female","2017-2018","did_not_meet_recommendation",231400,90.9
1,"9-11","female","2017-2018","met_recommendation",12900,8.7
1,"9-11","female","2017-2018","did_not_meet_recommendation",133600,90.3
1,"12-13","female","2017-2018","met_recommendation",9999999,9999999
1,"12-13","female","2017-2018","did_not_meet_recommendation",74900,93.4
1,"14-17","female","2017-2018","met_recommendation",9999999,9999999
1,"14-17","female","2017-2018","did_not_meet_recommendation",168300,91.7
2,"2-3","female","2017-2018","met_recommendation",18600,23
2,"2-3","female","2017-2018","did_not_meet_recommendation",70600,87.4
2,"4-8","female","2017-2018","met_recommendation",9999999,9999999
2,"4-8","female","2017-2018","did_not_meet_recommendation",184700,95.4
2,"9-11","female","2017-2018","met_recommendation",9999999,9999999
2,"9-11","female","2017-2018","did_not_meet_recommendation",100900,85.4
2,"12-13","female","2017-2018","met_recommendation",9999999,9999999
2,"12-13","female","2017-2018","did_not_meet_recommendation",72200,96.9
2,"14-17","female","2017-2018","met_recommendation",9999999,9999999
2,"14-17","female","2017-2018","did_not_meet_recommendation",122400,91.1
3,"2-3","female","2017-2018","met_recommendation",9800,13.6
3,"2-3","female","2017-2018","did_not_meet_recommendation",59300,82.6
3,"4-8","female","2017-2018","met_recommendation",9999999,9999999
3,"4-8","female","2017-2018","did_not_meet_recommendation",146200,95.9
3,"9-11","female","2017-2018","met_recommendation",9999999,9999999
3,"9-11","female","2017-2018","did_not_meet_recommendation",89100,92.7
3,"12-13","female","2017-2018","met_recommendation",9999999,9999999
3,"12-13","female","2017-2018","did_not_meet_recommendation",63700,98
3,"14-17","female","2017-2018","met_recommendation",11400,9.6
3,"14-17","female","2017-2018","did_not_meet_recommendation",105700,88.9
4,"2-3","female","2017-2018","met_recommendation",9999999,9999999
4,"2-3","female","2017-2018","did_not_meet_recommendation",10700,102.9
4,"4-8","female","2017-2018","met_recommendation",9999999,9999999
4,"4-8","female","2017-2018","did_not_meet_recommendation",59600,102.4
4,"9-11","female","2017-2018","met_recommendation",9999999,9999999
4,"9-11","female","2017-2018","did_not_meet_recommendation",28500,100
4,"12-13","female","2017-2018","met_recommendation",9999999,9999999
4,"12-13","female","2017-2018","did_not_meet_recommendation",17600,97.8
4,"14-17","female","2017-2018","met_recommendation",9999999,9999999
4,"14-17","female","2017-2018","did_not_meet_recommendation",37400,87.4
5,"2-3","female","2017-2018","met_recommendation",9999999,9999999
5,"2-3","female","2017-2018","did_not_meet_recommendation",25800,77.5
5,"4-8","female","2017-2018","met_recommendation",9999999,9999999
5,"4-8","female","2017-2018","did_not_meet_recommendation",88900,98.9
5,"9-11","female","2017-2018","met_recommendation",9999999,9999999
5,"9-11","female","2017-2018","did_not_meet_recommendation",38900,92.2
5,"12-13","female","2017-2018","met_recommendation",9999999,9999999
5,"12-13","female","2017-2018","did_not_meet_recommendation",29300,100
5,"14-17","female","2017-2018","met_recommendation",9999999,9999999
5,"14-17","female","2017-2018","did_not_meet_recommendation",48600,91.4
6,"2-3","female","2017-2018","met_recommendation",9999999,9999999
6,"2-3","female","2017-2018","did_not_meet_recommendation",5900,86.8
6,"4-8","female","2017-2018","met_recommendation",9999999,9999999
6,"4-8","female","2017-2018","did_not_meet_recommendation",14600,96.1
6,"9-11","female","2017-2018","met_recommendation",9999999,9999999
6,"9-11","female","2017-2018","did_not_meet_recommendation",6600,73.3
6,"12-13","female","2017-2018","met_recommendation",9999999,9999999
6,"12-13","female","2017-2018","did_not_meet_recommendation",3800,100
6,"14-17","female","2017-2018","met_recommendation",9999999,9999999
6,"14-17","female","2017-2018","did_not_meet_recommendation",12400,85.5
7,"2-3","female","2017-2018","met_recommendation",9999999,9999999
7,"2-3","female","2017-2018","did_not_meet_recommendation",1700,60.7
7,"4-8","female","2017-2018","met_recommendation",9999999,9999999
7,"4-8","female","2017-2018","did_not_meet_recommendation",6300,100
7,"9-11","female","2017-2018","met_recommendation",9999999,9999999
7,"9-11","female","2017-2018","did_not_meet_recommendation",2300,74.2
7,"12-13","female","2017-2018","met_recommendation",9999999,9999999
7,"12-13","female","2017-2018","did_not_meet_recommendation",2000,87
7,"14-17","female","2017-2018","met_recommendation",9999999,9999999
7,"14-17","female","2017-2018","did_not_meet_recommendation",3900,108.3
8,"2-3","female","2017-2018","met_recommendation",1700,41.5
8,"2-3","female","2017-2018","did_not_meet_recommendation",3200,78
8,"4-8","female","2017-2018","met_recommendation",9999999,9999999
8,"4-8","female","2017-2018","did_not_meet_recommendation",14200,102.2
8,"9-11","female","2017-2018","met_recommendation",9999999,9999999
8,"9-11","female","2017-2018","did_not_meet_recommendation",6400,77.1
8,"12-13","female","2017-2018","met_recommendation",9999999,9999999
8,"12-13","female","2017-2018","did_not_meet_recommendation",3500,100
8,"14-17","female","2017-2018","met_recommendation",9999999,9999999
8,"14-17","female","2017-2018","did_not_meet_recommendation",8900,93.7
