"STE_CODE16","age_group","sex","year_range","usual_consumption_selected_sugar_sweetened_diet_drinks","n","uncertainty"
1,"2-3","male","2017-2018","did_not_consume",61900,0
1,"2-3","male","2017-2018","1_metric_cup_or_less",15400,2
1,"2-3","male","2017-2018","more_than_1_to_less_than_2_cups",0,0
1,"2-3","male","2017-2018","2_metric_cups_or_more",5500,2
1,"4-8","male","2017-2018","did_not_consume",166200,0
1,"4-8","male","2017-2018","1_metric_cup_or_less",64900,1
1,"4-8","male","2017-2018","more_than_1_to_less_than_2_cups",0,0
1,"4-8","male","2017-2018","2_metric_cups_or_more",14800,1
1,"9-11","male","2017-2018","did_not_consume",89400,0
1,"9-11","male","2017-2018","1_metric_cup_or_less",60600,0
1,"9-11","male","2017-2018","more_than_1_to_less_than_2_cups",4100,2
1,"9-11","male","2017-2018","2_metric_cups_or_more",10700,2
1,"12-13","male","2017-2018","did_not_consume",24400,1
1,"12-13","male","2017-2018","1_metric_cup_or_less",60200,0
1,"12-13","male","2017-2018","more_than_1_to_less_than_2_cups",2800,2
1,"12-13","male","2017-2018","2_metric_cups_or_more",10400,2
1,"14-17","male","2017-2018","did_not_consume",48500,0
1,"14-17","male","2017-2018","1_metric_cup_or_less",95500,0
1,"14-17","male","2017-2018","more_than_1_to_less_than_2_cups",19200,1
1,"14-17","male","2017-2018","2_metric_cups_or_more",14600,1
2,"2-3","male","2017-2018","did_not_consume",72500,0
2,"2-3","male","2017-2018","1_metric_cup_or_less",9100,2
2,"2-3","male","2017-2018","more_than_1_to_less_than_2_cups",0,0
2,"2-3","male","2017-2018","2_metric_cups_or_more",0,0
2,"4-8","male","2017-2018","did_not_consume",132700,0
2,"4-8","male","2017-2018","1_metric_cup_or_less",63700,0
2,"4-8","male","2017-2018","more_than_1_to_less_than_2_cups",0,0
2,"4-8","male","2017-2018","2_metric_cups_or_more",0,0
2,"9-11","male","2017-2018","did_not_consume",68400,0
2,"9-11","male","2017-2018","1_metric_cup_or_less",59300,0
2,"9-11","male","2017-2018","more_than_1_to_less_than_2_cups",0,0
2,"9-11","male","2017-2018","2_metric_cups_or_more",8200,1
2,"12-13","male","2017-2018","did_not_consume",32000,1
2,"12-13","male","2017-2018","1_metric_cup_or_less",32100,0
2,"12-13","male","2017-2018","more_than_1_to_less_than_2_cups",4800,2
2,"12-13","male","2017-2018","2_metric_cups_or_more",2500,2
2,"14-17","male","2017-2018","did_not_consume",52200,0
2,"14-17","male","2017-2018","1_metric_cup_or_less",72600,0
2,"14-17","male","2017-2018","more_than_1_to_less_than_2_cups",18900,1
2,"14-17","male","2017-2018","2_metric_cups_or_more",12400,1
3,"2-3","male","2017-2018","did_not_consume",44700,0
3,"2-3","male","2017-2018","1_metric_cup_or_less",4300,2
3,"2-3","male","2017-2018","more_than_1_to_less_than_2_cups",0,0
3,"2-3","male","2017-2018","2_metric_cups_or_more",0,0
3,"4-8","male","2017-2018","did_not_consume",113300,0
3,"4-8","male","2017-2018","1_metric_cup_or_less",66000,0
3,"4-8","male","2017-2018","more_than_1_to_less_than_2_cups",0,0
3,"4-8","male","2017-2018","2_metric_cups_or_more",2800,2
3,"9-11","male","2017-2018","did_not_consume",41200,0
3,"9-11","male","2017-2018","1_metric_cup_or_less",50600,0
3,"9-11","male","2017-2018","more_than_1_to_less_than_2_cups",0,0
3,"9-11","male","2017-2018","2_metric_cups_or_more",0,0
3,"12-13","male","2017-2018","did_not_consume",26700,1
3,"12-13","male","2017-2018","1_metric_cup_or_less",32700,0
3,"12-13","male","2017-2018","more_than_1_to_less_than_2_cups",3800,2
3,"12-13","male","2017-2018","2_metric_cups_or_more",3800,2
3,"14-17","male","2017-2018","did_not_consume",32000,0
3,"14-17","male","2017-2018","1_metric_cup_or_less",60000,0
3,"14-17","male","2017-2018","more_than_1_to_less_than_2_cups",12100,1
3,"14-17","male","2017-2018","2_metric_cups_or_more",19100,1
4,"2-3","male","2017-2018","1_metric_cup_or_less",10700,1
4,"2-3","male","2017-2018","more_than_1_to_less_than_2_cups",3500,2
4,"2-3","male","2017-2018","2_metric_cups_or_more",0,0
4,"4-8","male","2017-2018","1_metric_cup_or_less",43900,0
4,"4-8","male","2017-2018","more_than_1_to_less_than_2_cups",12400,1
4,"4-8","male","2017-2018","2_metric_cups_or_more",0,0
4,"9-11","male","2017-2018","1_metric_cup_or_less",18500,0
4,"9-11","male","2017-2018","more_than_1_to_less_than_2_cups",9600,1
4,"9-11","male","2017-2018","2_metric_cups_or_more",0,0
4,"12-13","male","2017-2018","1_metric_cup_or_less",4200,2
4,"12-13","male","2017-2018","more_than_1_to_less_than_2_cups",10400,1
4,"12-13","male","2017-2018","2_metric_cups_or_more",0,0
4,"14-17","male","2017-2018","1_metric_cup_or_less",12700,1
4,"14-17","male","2017-2018","more_than_1_to_less_than_2_cups",17900,0
4,"14-17","male","2017-2018","2_metric_cups_or_more",6300,1
5,"2-3","male","2017-2018","did_not_consume",23800,1
5,"2-3","male","2017-2018","1_metric_cup_or_less",10800,1
5,"2-3","male","2017-2018","more_than_1_to_less_than_2_cups",0,0
5,"2-3","male","2017-2018","2_metric_cups_or_more",0,0
5,"4-8","male","2017-2018","did_not_consume",57300,0
5,"4-8","male","2017-2018","1_metric_cup_or_less",27000,1
5,"4-8","male","2017-2018","more_than_1_to_less_than_2_cups",0,0
5,"4-8","male","2017-2018","2_metric_cups_or_more",4300,2
5,"9-11","male","2017-2018","did_not_consume",37000,0
5,"9-11","male","2017-2018","1_metric_cup_or_less",21700,1
5,"9-11","male","2017-2018","more_than_1_to_less_than_2_cups",0,0
5,"9-11","male","2017-2018","2_metric_cups_or_more",0,0
5,"12-13","male","2017-2018","did_not_consume",11000,1
5,"12-13","male","2017-2018","1_metric_cup_or_less",18300,0
5,"12-13","male","2017-2018","more_than_1_to_less_than_2_cups",0,0
5,"12-13","male","2017-2018","2_metric_cups_or_more",0,0
5,"14-17","male","2017-2018","did_not_consume",28400,0
5,"14-17","male","2017-2018","1_metric_cup_or_less",26900,0
5,"14-17","male","2017-2018","more_than_1_to_less_than_2_cups",2300,2
5,"14-17","male","2017-2018","2_metric_cups_or_more",6300,1
6,"2-3","male","2017-2018","did_not_consume",4100,1
6,"2-3","male","2017-2018","1_metric_cup_or_less",700,2
6,"2-3","male","2017-2018","more_than_1_to_less_than_2_cups",0,0
6,"2-3","male","2017-2018","2_metric_cups_or_more",700,2
6,"4-8","male","2017-2018","did_not_consume",9400,0
6,"4-8","male","2017-2018","1_metric_cup_or_less",5000,1
6,"4-8","male","2017-2018","more_than_1_to_less_than_2_cups",0,0
6,"4-8","male","2017-2018","2_metric_cups_or_more",0,0
6,"9-11","male","2017-2018","did_not_consume",3100,1
6,"9-11","male","2017-2018","1_metric_cup_or_less",4700,0
6,"9-11","male","2017-2018","more_than_1_to_less_than_2_cups",0,0
6,"9-11","male","2017-2018","2_metric_cups_or_more",0,0
6,"12-13","male","2017-2018","did_not_consume",3300,1
6,"12-13","male","2017-2018","1_metric_cup_or_less",2400,1
6,"12-13","male","2017-2018","more_than_1_to_less_than_2_cups",900,2
6,"12-13","male","2017-2018","2_metric_cups_or_more",500,2
6,"14-17","male","2017-2018","did_not_consume",3600,1
6,"14-17","male","2017-2018","1_metric_cup_or_less",5300,1
6,"14-17","male","2017-2018","more_than_1_to_less_than_2_cups",600,2
6,"14-17","male","2017-2018","2_metric_cups_or_more",3200,1
7,"2-3","male","2017-2018","did_not_consume",2800,0
7,"2-3","male","2017-2018","1_metric_cup_or_less",200,2
7,"2-3","male","2017-2018","more_than_1_to_less_than_2_cups",0,0
7,"2-3","male","2017-2018","2_metric_cups_or_more",0,0
7,"4-8","male","2017-2018","did_not_consume",5400,0
7,"4-8","male","2017-2018","1_metric_cup_or_less",1100,1
7,"4-8","male","2017-2018","more_than_1_to_less_than_2_cups",0,0
7,"4-8","male","2017-2018","2_metric_cups_or_more",0,0
7,"9-11","male","2017-2018","did_not_consume",2100,0
7,"9-11","male","2017-2018","1_metric_cup_or_less",1500,1
7,"9-11","male","2017-2018","more_than_1_to_less_than_2_cups",0,0
7,"9-11","male","2017-2018","2_metric_cups_or_more",1000,1
7,"12-13","male","2017-2018","did_not_consume",1200,2
7,"12-13","male","2017-2018","1_metric_cup_or_less",800,2
7,"12-13","male","2017-2018","more_than_1_to_less_than_2_cups",0,0
7,"12-13","male","2017-2018","2_metric_cups_or_more",0,0
7,"14-17","male","2017-2018","did_not_consume",1400,1
7,"14-17","male","2017-2018","1_metric_cup_or_less",1100,1
7,"14-17","male","2017-2018","more_than_1_to_less_than_2_cups",300,2
7,"14-17","male","2017-2018","2_metric_cups_or_more",1000,1
8,"2-3","male","2017-2018","did_not_consume",5400,0
8,"2-3","male","2017-2018","1_metric_cup_or_less",900,1
8,"2-3","male","2017-2018","more_than_1_to_less_than_2_cups",0,0
8,"2-3","male","2017-2018","2_metric_cups_or_more",0,0
8,"4-8","male","2017-2018","did_not_consume",10200,0
8,"4-8","male","2017-2018","1_metric_cup_or_less",3300,1
8,"4-8","male","2017-2018","more_than_1_to_less_than_2_cups",0,0
8,"4-8","male","2017-2018","2_metric_cups_or_more",0,0
8,"9-11","male","2017-2018","did_not_consume",5000,1
8,"9-11","male","2017-2018","1_metric_cup_or_less",3900,1
8,"9-11","male","2017-2018","more_than_1_to_less_than_2_cups",0,0
8,"9-11","male","2017-2018","2_metric_cups_or_more",0,0
8,"12-13","male","2017-2018","did_not_consume",1500,2
8,"12-13","male","2017-2018","1_metric_cup_or_less",2400,1
8,"12-13","male","2017-2018","more_than_1_to_less_than_2_cups",0,0
8,"12-13","male","2017-2018","2_metric_cups_or_more",0,0
8,"14-17","male","2017-2018","did_not_consume",2800,1
8,"14-17","male","2017-2018","1_metric_cup_or_less",3900,1
8,"14-17","male","2017-2018","more_than_1_to_less_than_2_cups",600,2
8,"14-17","male","2017-2018","2_metric_cups_or_more",1700,2
1,"2-3","female","2017-2018","did_not_consume",83000,0
1,"2-3","female","2017-2018","1_metric_cup_or_less",8600,2
1,"2-3","female","2017-2018","more_than_1_to_less_than_2_cups",0,0
1,"2-3","female","2017-2018","2_metric_cups_or_more",0,0
1,"4-8","female","2017-2018","did_not_consume",188100,0
1,"4-8","female","2017-2018","1_metric_cup_or_less",55400,0
1,"4-8","female","2017-2018","more_than_1_to_less_than_2_cups",0,0
1,"4-8","female","2017-2018","2_metric_cups_or_more",0,0
1,"9-11","female","2017-2018","did_not_consume",93800,0
1,"9-11","female","2017-2018","1_metric_cup_or_less",50600,0
1,"9-11","female","2017-2018","more_than_1_to_less_than_2_cups",0,0
1,"9-11","female","2017-2018","2_metric_cups_or_more",0,0
1,"12-13","female","2017-2018","did_not_consume",45000,0
1,"12-13","female","2017-2018","1_metric_cup_or_less",27700,1
1,"12-13","female","2017-2018","more_than_1_to_less_than_2_cups",0,0
1,"12-13","female","2017-2018","2_metric_cups_or_more",0,0
1,"14-17","female","2017-2018","did_not_consume",96900,0
1,"14-17","female","2017-2018","1_metric_cup_or_less",64300,0
1,"14-17","female","2017-2018","more_than_1_to_less_than_2_cups",17900,1
1,"14-17","female","2017-2018","2_metric_cups_or_more",4200,2
2,"2-3","female","2017-2018","did_not_consume",66800,0
2,"2-3","female","2017-2018","1_metric_cup_or_less",18100,1
2,"2-3","female","2017-2018","more_than_1_to_less_than_2_cups",0,0
2,"2-3","female","2017-2018","2_metric_cups_or_more",0,0
2,"4-8","female","2017-2018","did_not_consume",144300,0
2,"4-8","female","2017-2018","1_metric_cup_or_less",53300,0
2,"4-8","female","2017-2018","more_than_1_to_less_than_2_cups",0,0
2,"4-8","female","2017-2018","2_metric_cups_or_more",0,0
2,"9-11","female","2017-2018","did_not_consume",83000,0
2,"9-11","female","2017-2018","1_metric_cup_or_less",38100,0
2,"9-11","female","2017-2018","more_than_1_to_less_than_2_cups",0,0
2,"9-11","female","2017-2018","2_metric_cups_or_more",0,0
2,"12-13","female","2017-2018","did_not_consume",43200,0
2,"12-13","female","2017-2018","1_metric_cup_or_less",32700,1
2,"12-13","female","2017-2018","more_than_1_to_less_than_2_cups",0,0
2,"12-13","female","2017-2018","2_metric_cups_or_more",0,0
2,"14-17","female","2017-2018","did_not_consume",84300,0
2,"14-17","female","2017-2018","1_metric_cup_or_less",50300,0
2,"14-17","female","2017-2018","more_than_1_to_less_than_2_cups",5000,2
2,"14-17","female","2017-2018","2_metric_cups_or_more",3300,2
3,"2-3","female","2017-2018","did_not_consume",57300,0
3,"2-3","female","2017-2018","1_metric_cup_or_less",9700,1
3,"2-3","female","2017-2018","more_than_1_to_less_than_2_cups",0,0
3,"2-3","female","2017-2018","2_metric_cups_or_more",0,0
3,"4-8","female","2017-2018","did_not_consume",110900,0
3,"4-8","female","2017-2018","1_metric_cup_or_less",38600,0
3,"4-8","female","2017-2018","more_than_1_to_less_than_2_cups",0,0
3,"4-8","female","2017-2018","2_metric_cups_or_more",1500,2
3,"9-11","female","2017-2018","did_not_consume",54600,0
3,"9-11","female","2017-2018","1_metric_cup_or_less",38900,0
3,"9-11","female","2017-2018","more_than_1_to_less_than_2_cups",0,0
3,"9-11","female","2017-2018","2_metric_cups_or_more",0,0
3,"12-13","female","2017-2018","did_not_consume",21000,1
3,"12-13","female","2017-2018","1_metric_cup_or_less",36400,0
3,"12-13","female","2017-2018","more_than_1_to_less_than_2_cups",0,0
3,"12-13","female","2017-2018","2_metric_cups_or_more",0,0
3,"14-17","female","2017-2018","did_not_consume",64600,0
3,"14-17","female","2017-2018","1_metric_cup_or_less",35900,0
3,"14-17","female","2017-2018","more_than_1_to_less_than_2_cups",8600,2
3,"14-17","female","2017-2018","2_metric_cups_or_more",7500,1
4,"2-3","female","2017-2018","did_not_consume",14800,1
4,"2-3","female","2017-2018","1_metric_cup_or_less",0,0
4,"2-3","female","2017-2018","more_than_1_to_less_than_2_cups",0,0
4,"2-3","female","2017-2018","2_metric_cups_or_more",0,0
4,"4-8","female","2017-2018","did_not_consume",42300,0
4,"4-8","female","2017-2018","1_metric_cup_or_less",16800,1
4,"4-8","female","2017-2018","more_than_1_to_less_than_2_cups",0,0
4,"4-8","female","2017-2018","2_metric_cups_or_more",0,0
4,"9-11","female","2017-2018","did_not_consume",10200,1
4,"9-11","female","2017-2018","1_metric_cup_or_less",17800,1
4,"9-11","female","2017-2018","more_than_1_to_less_than_2_cups",0,0
4,"9-11","female","2017-2018","2_metric_cups_or_more",0,0
4,"12-13","female","2017-2018","did_not_consume",4800,2
4,"12-13","female","2017-2018","1_metric_cup_or_less",8200,1
4,"12-13","female","2017-2018","more_than_1_to_less_than_2_cups",1400,2
4,"12-13","female","2017-2018","2_metric_cups_or_more",3400,2
4,"14-17","female","2017-2018","did_not_consume",20900,0
4,"14-17","female","2017-2018","1_metric_cup_or_less",19200,0
4,"14-17","female","2017-2018","more_than_1_to_less_than_2_cups",0,0
4,"14-17","female","2017-2018","2_metric_cups_or_more",3500,2
5,"2-3","female","2017-2018","did_not_consume",15200,1
5,"2-3","female","2017-2018","1_metric_cup_or_less",6600,2
5,"2-3","female","2017-2018","more_than_1_to_less_than_2_cups",0,0
5,"2-3","female","2017-2018","2_metric_cups_or_more",0,0
5,"4-8","female","2017-2018","did_not_consume",62000,0
5,"4-8","female","2017-2018","1_metric_cup_or_less",26400,1
5,"4-8","female","2017-2018","more_than_1_to_less_than_2_cups",0,0
5,"4-8","female","2017-2018","2_metric_cups_or_more",0,0
5,"9-11","female","2017-2018","did_not_consume",29400,0
5,"9-11","female","2017-2018","1_metric_cup_or_less",9700,1
5,"9-11","female","2017-2018","more_than_1_to_less_than_2_cups",0,0
5,"9-11","female","2017-2018","2_metric_cups_or_more",0,0
5,"12-13","female","2017-2018","did_not_consume",22500,0
5,"12-13","female","2017-2018","1_metric_cup_or_less",11300,1
5,"12-13","female","2017-2018","more_than_1_to_less_than_2_cups",0,0
5,"12-13","female","2017-2018","2_metric_cups_or_more",0,0
5,"14-17","female","2017-2018","did_not_consume",27300,0
5,"14-17","female","2017-2018","1_metric_cup_or_less",18700,0
5,"14-17","female","2017-2018","more_than_1_to_less_than_2_cups",2800,2
5,"14-17","female","2017-2018","2_metric_cups_or_more",4300,1
6,"2-3","female","2017-2018","did_not_consume",6800,0
6,"2-3","female","2017-2018","1_metric_cup_or_less",0,0
6,"2-3","female","2017-2018","more_than_1_to_less_than_2_cups",0,0
6,"2-3","female","2017-2018","2_metric_cups_or_more",0,0
6,"4-8","female","2017-2018","did_not_consume",8700,0
6,"4-8","female","2017-2018","1_metric_cup_or_less",7200,0
6,"4-8","female","2017-2018","more_than_1_to_less_than_2_cups",0,0
6,"4-8","female","2017-2018","2_metric_cups_or_more",0,0
6,"9-11","female","2017-2018","did_not_consume",4800,0
6,"9-11","female","2017-2018","1_metric_cup_or_less",3100,1
6,"9-11","female","2017-2018","more_than_1_to_less_than_2_cups",0,0
6,"9-11","female","2017-2018","2_metric_cups_or_more",0,0
6,"12-13","female","2017-2018","did_not_consume",3400,1
6,"12-13","female","2017-2018","1_metric_cup_or_less",1200,2
6,"12-13","female","2017-2018","more_than_1_to_less_than_2_cups",0,0
6,"12-13","female","2017-2018","2_metric_cups_or_more",0,0
6,"14-17","female","2017-2018","did_not_consume",8700,0
6,"14-17","female","2017-2018","1_metric_cup_or_less",2400,1
6,"14-17","female","2017-2018","more_than_1_to_less_than_2_cups",2300,1
6,"14-17","female","2017-2018","2_metric_cups_or_more",0,0
7,"2-3","female","2017-2018","did_not_consume",2600,0
7,"2-3","female","2017-2018","1_metric_cup_or_less",300,2
7,"2-3","female","2017-2018","more_than_1_to_less_than_2_cups",0,0
7,"2-3","female","2017-2018","2_metric_cups_or_more",0,0
7,"4-8","female","2017-2018","did_not_consume",4000,0
7,"4-8","female","2017-2018","1_metric_cup_or_less",2600,0
7,"4-8","female","2017-2018","more_than_1_to_less_than_2_cups",0,0
7,"4-8","female","2017-2018","2_metric_cups_or_more",400,2
7,"9-11","female","2017-2018","did_not_consume",1700,1
7,"9-11","female","2017-2018","1_metric_cup_or_less",1500,1
7,"9-11","female","2017-2018","more_than_1_to_less_than_2_cups",0,0
7,"9-11","female","2017-2018","2_metric_cups_or_more",800,2
7,"12-13","female","2017-2018","did_not_consume",900,1
7,"12-13","female","2017-2018","1_metric_cup_or_less",900,1
7,"12-13","female","2017-2018","more_than_1_to_less_than_2_cups",0,0
7,"12-13","female","2017-2018","2_metric_cups_or_more",200,2
7,"14-17","female","2017-2018","did_not_consume",1900,0
7,"14-17","female","2017-2018","1_metric_cup_or_less",1500,1
7,"14-17","female","2017-2018","more_than_1_to_less_than_2_cups",400,2
7,"14-17","female","2017-2018","2_metric_cups_or_more",200,2
8,"2-3","female","2017-2018","did_not_consume",4100,0
8,"2-3","female","2017-2018","1_metric_cup_or_less",0,0
8,"2-3","female","2017-2018","more_than_1_to_less_than_2_cups",0,0
8,"2-3","female","2017-2018","2_metric_cups_or_more",0,0
8,"4-8","female","2017-2018","did_not_consume",10800,0
8,"4-8","female","2017-2018","1_metric_cup_or_less",3700,1
8,"4-8","female","2017-2018","more_than_1_to_less_than_2_cups",0,0
8,"4-8","female","2017-2018","2_metric_cups_or_more",0,0
8,"9-11","female","2017-2018","did_not_consume",3800,1
8,"9-11","female","2017-2018","1_metric_cup_or_less",3300,1
8,"9-11","female","2017-2018","more_than_1_to_less_than_2_cups",0,0
8,"9-11","female","2017-2018","2_metric_cups_or_more",0,0
8,"12-13","female","2017-2018","did_not_consume",2800,1
8,"12-13","female","2017-2018","1_metric_cup_or_less",700,2
8,"12-13","female","2017-2018","more_than_1_to_less_than_2_cups",0,0
8,"12-13","female","2017-2018","2_metric_cups_or_more",0,0
8,"14-17","female","2017-2018","did_not_consume",4400,0
8,"14-17","female","2017-2018","1_metric_cup_or_less",3300,1
8,"14-17","female","2017-2018","more_than_1_to_less_than_2_cups",1400,1
8,"14-17","female","2017-2018","2_metric_cups_or_more",0,0
