"STE_CODE16","age_group","sex","year_range","psychological_distress_level","p","uncertainty"
1,"18-24","male","2017-2018","low_distress_level",44,1
1,"18-24","male","2017-2018","moderate_distress_level",29.7,1
1,"18-24","male","2017-2018","high/very_high_distress_level",6.5,1
2,"18-24","male","2017-2018","low_distress_level",57.8,0
2,"18-24","male","2017-2018","moderate_distress_level",24,0
2,"18-24","male","2017-2018","high/very_high_distress_level",8.8,0
3,"18-24","male","2017-2018","low_distress_level",50.5,1
3,"18-24","male","2017-2018","moderate_distress_level",27.4,0
3,"18-24","male","2017-2018","high/very_high_distress_level",19.5,0
4,"18-24","male","2017-2018","low_distress_level",56.6,1
4,"18-24","male","2017-2018","moderate_distress_level",33.8,1
4,"18-24","male","2017-2018","high/very_high_distress_level",9.8,1
5,"18-24","male","2017-2018","low_distress_level",65.9,1
5,"18-24","male","2017-2018","moderate_distress_level",32.4,1
5,"18-24","male","2017-2018","high/very_high_distress_level",16.1,1
6,"18-24","male","2017-2018","low_distress_level",61.8,1
6,"18-24","male","2017-2018","moderate_distress_level",11.2,0
6,"18-24","male","2017-2018","high/very_high_distress_level",22.7,1
7,"18-24","male","2017-2018","low_distress_level",53.3,1
7,"18-24","male","2017-2018","moderate_distress_level",14.7,1
7,"18-24","male","2017-2018","high/very_high_distress_level",10.7,1
8,"18-24","male","2017-2018","low_distress_level",61.6,1
8,"18-24","male","2017-2018","moderate_distress_level",24.9,1
8,"18-24","male","2017-2018","high/very_high_distress_level",17.3,1
1,"18-24","female","2017-2018","low_distress_level",46.6,1
1,"18-24","female","2017-2018","moderate_distress_level",28.3,1
1,"18-24","female","2017-2018","high/very_high_distress_level",24.6,0
2,"18-24","female","2017-2018","low_distress_level",47.2,1
2,"18-24","female","2017-2018","moderate_distress_level",39,1
2,"18-24","female","2017-2018","high/very_high_distress_level",14.8,0
3,"18-24","female","2017-2018","low_distress_level",46,1
3,"18-24","female","2017-2018","moderate_distress_level",27.5,0
3,"18-24","female","2017-2018","high/very_high_distress_level",18.2,0
4,"18-24","female","2017-2018","low_distress_level",56.4,1
4,"18-24","female","2017-2018","moderate_distress_level",27.9,1
4,"18-24","female","2017-2018","high/very_high_distress_level",13.3,1
5,"18-24","female","2017-2018","low_distress_level",57.4,1
5,"18-24","female","2017-2018","moderate_distress_level",31.8,1
5,"18-24","female","2017-2018","high/very_high_distress_level",18.5,0
6,"18-24","female","2017-2018","low_distress_level",46.3,1
6,"18-24","female","2017-2018","moderate_distress_level",19.4,1
6,"18-24","female","2017-2018","high/very_high_distress_level",32.8,1
7,"18-24","female","2017-2018","low_distress_level",42.9,1
7,"18-24","female","2017-2018","moderate_distress_level",31.7,1
7,"18-24","female","2017-2018","high/very_high_distress_level",19,1
8,"18-24","female","2017-2018","low_distress_level",49,1
8,"18-24","female","2017-2018","moderate_distress_level",27.3,1
8,"18-24","female","2017-2018","high/very_high_distress_level",29.9,1
