"STE_CODE16","age_group","sex","year_range","psychological_distress_level","n","p"
1,"18-24","male","2017-2018","low_distress_level",166000,44
1,"18-24","male","2017-2018","moderate_distress_level",112300,29.7
1,"18-24","male","2017-2018","high/very_high_distress_level",9999999,9999999
2,"18-24","male","2017-2018","low_distress_level",180000,57.8
2,"18-24","male","2017-2018","moderate_distress_level",74600,24
2,"18-24","male","2017-2018","high/very_high_distress_level",27300,8.8
3,"18-24","male","2017-2018","low_distress_level",115600,50.5
3,"18-24","male","2017-2018","moderate_distress_level",62800,27.4
3,"18-24","male","2017-2018","high/very_high_distress_level",44700,19.5
4,"18-24","male","2017-2018","low_distress_level",42200,56.6
4,"18-24","male","2017-2018","moderate_distress_level",25200,33.8
4,"18-24","male","2017-2018","high/very_high_distress_level",9999999,9999999
5,"18-24","male","2017-2018","low_distress_level",70200,65.9
5,"18-24","male","2017-2018","moderate_distress_level",34500,32.4
5,"18-24","male","2017-2018","high/very_high_distress_level",17100,16.1
6,"18-24","male","2017-2018","low_distress_level",14400,61.8
6,"18-24","male","2017-2018","moderate_distress_level",2600,11.2
6,"18-24","male","2017-2018","high/very_high_distress_level",5300,22.7
7,"18-24","male","2017-2018","low_distress_level",4000,53.3
7,"18-24","male","2017-2018","moderate_distress_level",9999999,9999999
7,"18-24","male","2017-2018","high/very_high_distress_level",9999999,9999999
8,"18-24","male","2017-2018","low_distress_level",11400,61.6
8,"18-24","male","2017-2018","moderate_distress_level",4600,24.9
8,"18-24","male","2017-2018","high/very_high_distress_level",9999999,9999999
1,"18-24","female","2017-2018","low_distress_level",158400,46.6
1,"18-24","female","2017-2018","moderate_distress_level",96100,28.3
1,"18-24","female","2017-2018","high/very_high_distress_level",83500,24.6
2,"18-24","female","2017-2018","low_distress_level",145400,47.2
2,"18-24","female","2017-2018","moderate_distress_level",120300,39
2,"18-24","female","2017-2018","high/very_high_distress_level",45600,14.8
3,"18-24","female","2017-2018","low_distress_level",100500,46
3,"18-24","female","2017-2018","moderate_distress_level",60100,27.5
3,"18-24","female","2017-2018","high/very_high_distress_level",39700,18.2
4,"18-24","female","2017-2018","low_distress_level",39900,56.4
4,"18-24","female","2017-2018","moderate_distress_level",19700,27.9
4,"18-24","female","2017-2018","high/very_high_distress_level",9400,13.3
5,"18-24","female","2017-2018","low_distress_level",57500,57.4
5,"18-24","female","2017-2018","moderate_distress_level",31800,31.8
5,"18-24","female","2017-2018","high/very_high_distress_level",18500,18.5
6,"18-24","female","2017-2018","low_distress_level",9300,46.3
6,"18-24","female","2017-2018","moderate_distress_level",3900,19.4
6,"18-24","female","2017-2018","high/very_high_distress_level",6600,32.8
7,"18-24","female","2017-2018","low_distress_level",2700,42.9
7,"18-24","female","2017-2018","moderate_distress_level",2000,31.7
7,"18-24","female","2017-2018","high/very_high_distress_level",1200,19
8,"18-24","female","2017-2018","low_distress_level",9500,49
8,"18-24","female","2017-2018","moderate_distress_level",5300,27.3
8,"18-24","female","2017-2018","high/very_high_distress_level",5800,29.9
