"STE_CODE16","age_group","sex","year_range","2014_pa_guidelines_exercise_only","n","p"
1,"18-24","male","2017-2018","met_guidelines",76900,20.4
1,"18-24","male","2017-2018","did_not_meet_guidelines",292000,77.4
2,"18-24","male","2017-2018","met_guidelines",60600,19.5
2,"18-24","male","2017-2018","did_not_meet_guidelines",244700,78.6
3,"18-24","male","2017-2018","met_guidelines",35400,15.5
3,"18-24","male","2017-2018","did_not_meet_guidelines",188000,82.1
4,"18-24","male","2017-2018","met_guidelines",22300,29.9
4,"18-24","male","2017-2018","did_not_meet_guidelines",53600,71.8
5,"18-24","male","2017-2018","met_guidelines",34100,32
5,"18-24","male","2017-2018","did_not_meet_guidelines",70300,66
6,"18-24","male","2017-2018","met_guidelines",4000,17.2
6,"18-24","male","2017-2018","did_not_meet_guidelines",19900,85.4
7,"18-24","male","2017-2018","met_guidelines",9999999,9999999
7,"18-24","male","2017-2018","did_not_meet_guidelines",5700,76
8,"18-24","male","2017-2018","met_guidelines",5500,29.7
8,"18-24","male","2017-2018","did_not_meet_guidelines",13200,71.4
1,"18-24","female","2017-2018","met_guidelines",77000,22.6
1,"18-24","female","2017-2018","did_not_meet_guidelines",282700,83.1
2,"18-24","female","2017-2018","met_guidelines",66000,21.4
2,"18-24","female","2017-2018","did_not_meet_guidelines",236400,76.7
3,"18-24","female","2017-2018","met_guidelines",37000,16.9
3,"18-24","female","2017-2018","did_not_meet_guidelines",179300,82.1
4,"18-24","female","2017-2018","met_guidelines",13600,19.2
4,"18-24","female","2017-2018","did_not_meet_guidelines",58100,82.2
5,"18-24","female","2017-2018","met_guidelines",24400,24.4
5,"18-24","female","2017-2018","did_not_meet_guidelines",84800,84.7
6,"18-24","female","2017-2018","met_guidelines",9999999,9999999
6,"18-24","female","2017-2018","did_not_meet_guidelines",18300,91
7,"18-24","female","2017-2018","met_guidelines",1600,25.4
7,"18-24","female","2017-2018","did_not_meet_guidelines",4800,76.2
8,"18-24","female","2017-2018","met_guidelines",9999999,9999999
8,"18-24","female","2017-2018","did_not_meet_guidelines",15800,81.4
