"STE_CODE16","age_group","sex","year_range","2014_pa_guidelines_any","n","p"
1,"18-24","male","2017-2018","met_guidelines",91600,24.3
1,"18-24","male","2017-2018","did_not_meet_guidelines",273700,72.5
2,"18-24","male","2017-2018","met_guidelines",71500,23
2,"18-24","male","2017-2018","did_not_meet_guidelines",225700,72.5
3,"18-24","male","2017-2018","met_guidelines",43400,18.9
3,"18-24","male","2017-2018","did_not_meet_guidelines",184200,80.4
4,"18-24","male","2017-2018","met_guidelines",27600,37
4,"18-24","male","2017-2018","did_not_meet_guidelines",55500,74.4
5,"18-24","male","2017-2018","met_guidelines",43900,41.2
5,"18-24","male","2017-2018","did_not_meet_guidelines",69000,64.8
6,"18-24","male","2017-2018","met_guidelines",5300,22.7
6,"18-24","male","2017-2018","did_not_meet_guidelines",17800,76.4
7,"18-24","male","2017-2018","met_guidelines",9999999,9999999
7,"18-24","male","2017-2018","did_not_meet_guidelines",5700,76
8,"18-24","male","2017-2018","met_guidelines",5900,31.9
8,"18-24","male","2017-2018","did_not_meet_guidelines",13300,71.9
1,"18-24","female","2017-2018","met_guidelines",81100,23.8
1,"18-24","female","2017-2018","did_not_meet_guidelines",285000,83.8
2,"18-24","female","2017-2018","met_guidelines",69400,22.5
2,"18-24","female","2017-2018","did_not_meet_guidelines",238500,77.4
3,"18-24","female","2017-2018","met_guidelines",47200,21.6
3,"18-24","female","2017-2018","did_not_meet_guidelines",180000,82.4
4,"18-24","female","2017-2018","met_guidelines",13600,19.2
4,"18-24","female","2017-2018","did_not_meet_guidelines",58100,82.2
5,"18-24","female","2017-2018","met_guidelines",21300,21.3
5,"18-24","female","2017-2018","did_not_meet_guidelines",84500,84.4
6,"18-24","female","2017-2018","met_guidelines",4000,19.9
6,"18-24","female","2017-2018","did_not_meet_guidelines",17300,86.1
7,"18-24","female","2017-2018","met_guidelines",2300,36.5
7,"18-24","female","2017-2018","did_not_meet_guidelines",4500,71.4
8,"18-24","female","2017-2018","met_guidelines",9999999,9999999
8,"18-24","female","2017-2018","did_not_meet_guidelines",15800,81.4
