"STE_CODE16","age_group","sex","year_range","min_exercise_last_week","n","p"
1,"18-24","male","2017-2018","0_minutes",26300,7
1,"18-24","male","2017-2018","between_1_and_149_minutes",95600,25.3
1,"18-24","male","2017-2018","between_150_and_300_minutes",83500,22.1
1,"18-24","male","2017-2018","more_than_300_minutes",187400,49.6
1,"18-24","male","2017-2018","total_150_minutes_or_more",249500,66.1
2,"18-24","male","2017-2018","0_minutes",27200,8.7
2,"18-24","male","2017-2018","between_1_and_149_minutes",72900,23.4
2,"18-24","male","2017-2018","between_150_and_300_minutes",55800,17.9
2,"18-24","male","2017-2018","more_than_300_minutes",147200,47.3
2,"18-24","male","2017-2018","total_150_minutes_or_more",226000,72.6
3,"18-24","male","2017-2018","0_minutes",30100,13.1
3,"18-24","male","2017-2018","between_1_and_149_minutes",57100,24.9
3,"18-24","male","2017-2018","between_150_and_300_minutes",36200,15.8
3,"18-24","male","2017-2018","more_than_300_minutes",88000,38.4
3,"18-24","male","2017-2018","total_150_minutes_or_more",131400,57.4
4,"18-24","male","2017-2018","0_minutes",9999999,9999999
4,"18-24","male","2017-2018","between_1_and_149_minutes",17600,23.6
4,"18-24","male","2017-2018","between_150_and_300_minutes",21700,29.1
4,"18-24","male","2017-2018","more_than_300_minutes",33400,44.8
4,"18-24","male","2017-2018","total_150_minutes_or_more",52500,70.4
5,"18-24","male","2017-2018","0_minutes",9999999,9999999
5,"18-24","male","2017-2018","between_1_and_149_minutes",26000,24.4
5,"18-24","male","2017-2018","between_150_and_300_minutes",11000,10.3
5,"18-24","male","2017-2018","more_than_300_minutes",68100,63.9
5,"18-24","male","2017-2018","total_150_minutes_or_more",73900,69.4
6,"18-24","male","2017-2018","0_minutes",9999999,9999999
6,"18-24","male","2017-2018","between_1_and_149_minutes",6200,26.6
6,"18-24","male","2017-2018","between_150_and_300_minutes",3600,15.5
6,"18-24","male","2017-2018","more_than_300_minutes",9300,39.9
6,"18-24","male","2017-2018","total_150_minutes_or_more",12500,53.6
7,"18-24","male","2017-2018","0_minutes",9999999,9999999
7,"18-24","male","2017-2018","between_1_and_149_minutes",9999999,9999999
7,"18-24","male","2017-2018","between_150_and_300_minutes",1300,17.3
7,"18-24","male","2017-2018","more_than_300_minutes",2100,28
7,"18-24","male","2017-2018","total_150_minutes_or_more",4700,62.7
8,"18-24","male","2017-2018","0_minutes",4300,23.2
8,"18-24","male","2017-2018","between_1_and_149_minutes",5700,30.8
8,"18-24","male","2017-2018","between_150_and_300_minutes",4400,23.8
8,"18-24","male","2017-2018","more_than_300_minutes",6100,33
8,"18-24","male","2017-2018","total_150_minutes_or_more",10500,56.8
1,"18-24","female","2017-2018","0_minutes",9999999,9999999
1,"18-24","female","2017-2018","between_1_and_149_minutes",103000,30.3
1,"18-24","female","2017-2018","between_150_and_300_minutes",79700,23.4
1,"18-24","female","2017-2018","more_than_300_minutes",134400,39.5
1,"18-24","female","2017-2018","total_150_minutes_or_more",212900,62.6
2,"18-24","female","2017-2018","0_minutes",9999999,9999999
2,"18-24","female","2017-2018","between_1_and_149_minutes",68600,22.3
2,"18-24","female","2017-2018","between_150_and_300_minutes",95000,30.8
2,"18-24","female","2017-2018","more_than_300_minutes",114600,37.2
2,"18-24","female","2017-2018","total_150_minutes_or_more",192300,62.4
3,"18-24","female","2017-2018","0_minutes",31400,14.4
3,"18-24","female","2017-2018","between_1_and_149_minutes",67800,31
3,"18-24","female","2017-2018","between_150_and_300_minutes",32600,14.9
3,"18-24","female","2017-2018","more_than_300_minutes",72800,33.3
3,"18-24","female","2017-2018","total_150_minutes_or_more",105400,48.3
4,"18-24","female","2017-2018","0_minutes",10100,14.3
4,"18-24","female","2017-2018","between_1_and_149_minutes",20500,29
4,"18-24","female","2017-2018","between_150_and_300_minutes",16800,23.8
4,"18-24","female","2017-2018","more_than_300_minutes",37800,53.5
4,"18-24","female","2017-2018","total_150_minutes_or_more",53100,75.1
5,"18-24","female","2017-2018","0_minutes",9999999,9999999
5,"18-24","female","2017-2018","between_1_and_149_minutes",31200,31.2
5,"18-24","female","2017-2018","between_150_and_300_minutes",32800,32.8
5,"18-24","female","2017-2018","more_than_300_minutes",33900,33.9
5,"18-24","female","2017-2018","total_150_minutes_or_more",66400,66.3
6,"18-24","female","2017-2018","0_minutes",9999999,9999999
6,"18-24","female","2017-2018","between_1_and_149_minutes",5900,29.4
6,"18-24","female","2017-2018","between_150_and_300_minutes",5200,25.9
6,"18-24","female","2017-2018","more_than_300_minutes",5900,29.4
6,"18-24","female","2017-2018","total_150_minutes_or_more",11100,55.2
7,"18-24","female","2017-2018","0_minutes",1100,17.5
7,"18-24","female","2017-2018","between_1_and_149_minutes",1900,30.2
7,"18-24","female","2017-2018","between_150_and_300_minutes",1800,28.6
7,"18-24","female","2017-2018","more_than_300_minutes",2200,34.9
7,"18-24","female","2017-2018","total_150_minutes_or_more",4300,68.3
8,"18-24","female","2017-2018","0_minutes",9999999,9999999
8,"18-24","female","2017-2018","between_1_and_149_minutes",5400,27.8
8,"18-24","female","2017-2018","between_150_and_300_minutes",5300,27.3
8,"18-24","female","2017-2018","more_than_300_minutes",8300,42.8
8,"18-24","female","2017-2018","total_150_minutes_or_more",12000,61.9
